step;ros_timestamp;ft_wrench_fx;ft_wrench_fy;ft_wrench_fz;ft_wrench_tx;ft_wrench_ty;ft_wrench_tz;current_absolute_pose_x;current_absolute_pose_y;current_absolute_pose_z;current_twist_vx;current_twist_vy;current_twist_vz;current_twist_wx;current_twist_wy;current_twist_wz;action_f_x;action_f_y;action_f_z;action_t_x;action_t_y;action_t_z;reward
1;0,0373;0,009030216;-0,0073265014;0,013962112;0,014996729;;-0,007953713;0,6179795;0,12085859;0,568574;0,0049082455;-0,0054178126;-0,0021548818;-0,016704675;0,024315145;-0,029012445;0,19025274;-0,008368369;-0,22487164;0,037752595;-0,05179589;-0,0017351757;0,0
2;0,0674;0,016816188;-0,009441245;;0,019962681;0,026257364;0,009184843;0,61810976;0,120862916;0,56839186;0,011813313;-0,0046142526;-0,011658129;0,0036187666;0,01593527;-0,02231904;0,20771596;-0,002308136;-0,22861533;0,044247754;-0,072301045;-0,004338479;0,0
3;0,0973;0,00043159304;-0,0041743955;0,018858973;0,0074976203;0,0038261302;0,019686637;0,61825687;0,12084028;0,5682361;0,01752458;-0,00421074;-0,018801669;0,020861438;0,00939387;-0,018626345;0,23242036;0,0034590443;-0,22529912;0,044002872;-0,10219825;-0,007705607;0,0
4;0,1273;0,019783724;-0,010965823;0,013862291;0,023274783;0,036535818;0,019423462;0,61839086;0,12083629;0,5681242;0,022808634;-0,0035197816;-0,024141906;0,034553364;0,005795429;-0,015362918;0,23607288;0,009711415;-0,22394872;0,04394148;-0,10354892;-0,008549774;0,0
5;0,1574;0,026345294;-0,0038026278;0,014200069;0,0105775865;0,043699183;;0,6185608;0,12081411;0,5680002;0,026800279;-0,0027655228;-0,02760174;0,044114396;0,00049388356;-0,013291998;0,22917025;0,01733497;-0,22122712;0,043900214;-0,104456745;0,006201462;0,0
6;0,1873;0,016756404;-0,013936686;0,013337024;0,018033635;0,028658478;-0,015710438;0,6187335;0,12079559;0,5678704;0,02969298;-0,0020085177;-0,030112911;0,05037126;-0,0022540528;-0,012094315;0,220964;0,023454707;-0,22000934;0,04395525;-0,05422629;-0,008360387;0,0
7;0,2173;0,0050869747;-0,025104102;0,01837556;0,04021233;0,0048042764;-0,06507698;0,6189165;0,12079009;0,56776845;0,031460285;-0,0009624858;-0,031658467;0,051832736;-0,004533756;-0,010279677;0,2017197;0,0362468;-0,22437412;0,044164363;-0,025116012;0,020045957;0,0
8;0,2473;0,021615962;-0,049398057;0,13234404;0,0732989;0,027486656;-0,10152238;0,61907023;0,12083196;0,56767696;0,032160256;;-0,03258729;0,049344867;-0,007193446;-0,010120511;0,19805028;0,04022944;-0,22284245;0,044279374;-0,047095574;0,026733568;0,0
9;0,2773;0,024117049;-0,045748048;0,051741935;0,07727422;0,035681143;-0,08593449;0,6192723;0,12082556;0,5675214;0,032863226;0,0012215845;-0,033371996;0,046981316;-0,008404161;-0,008729523;0,1913308;0,041635152;-0,22143674;0,044606138;-0,03990678;0,026120352;0,0
10;0,3073;0,007926641;-0,03286229;0,044069123;0,05254376;;-0,0872893;0,61947805;0,12084158;0,5673298;;0,0021571917;-0,033589527;0,045572765;-0,011361986;-0,008033311;0,19602501;0,05046433;-0,22241148;0,04480228;-0,035591707;0,033923484;0,0
11;0,3374;0,019371105;-0,027762944;0,03928492;0,037942894;0,034620516;-0,079259254;0,61969733;0,12086911;0,56709963;0,03264334;;;0,044965364;-0,012293395;-0,007957942;0,21445014;0,04623594;-0,23154184;0,051758155;-0,0132813845;0,047867436;0,0
12;0,3674;0,027731001;-0,028901407;0,03877543;0,04686555;0,049197678;-0,08370471;0,6199447;0,12084328;0,5668438;;0,003795112;-0,034639765;0,046689093;-0,011672514;-0,0074072853;0,22131307;0,05129261;-0,23138712;0,05629029;0,012896172;0,059122197;0,0
13;0,3973;0,10165165;-0,10229929;0,5118056;0,12227455;0,09331485;;0,6201639;0,120849155;0,5666264;0,034246776;0,0042330115;-0,035303723;0,050021112;-0,01042951;-0,0074025015;0,20567268;0,06486041;-0,23987815;0,06974153;0,014705869;0,06025326;0,0
14;0,4273;0,06111004;-0,084592156;0,23051302;0,1241771;0,07532595;-0,09874011;0,6204508;0,12082068;0,5664582;0,036868446;0,0043887836;-0,035272434;0,055860583;-0,012387724;-0,008324432;0,19421317;0,061792742;-0,25029877;0,0875364;0,014036134;0,059834674;0,0
15;0,4573;0,041996878;-0,021896701;-0,4232092;0,031184683;0,13911036;-0,08205349;0,6206154;0,120857626;0,56628174;0,033732824;0,005248087;-0,035778806;0,06656653;;-0,010330371;0,15177304;0,06877038;-0,3094976;0,09850218;0,1490742;0,047215488;0,0
16;0,4873;0,08943783;0,02166905;-0,89598763;-0,06383012;0,27711883;-0,08391998;0,62055993;0,12088122;0,5661423;0,02132648;0,006656863;-0,040581457;0,081836626;-0,007535489;-0,01904682;0,14380302;0,07601191;-0,32676587;0,08725581;0,19577171;0,0049145035;0,0
17;0,5173;0,096106775;0,007372307;-1,0;-0,017538937;0,35356826;-0,085430615;0,62035453;0,12092799;0,5659057;0,003585466;0,008137374;;0,09156306;0,0019333275;-0,03566967;0,11698247;0,090595186;-0,35630023;0,10030843;0,39306012;0,026095575;0,0
18;0,5473;0,14533204;-0,20414451;-1,0;0,56160975;0,49649906;-0,10727502;0,62002903;0,121011645;0,5656498;-0,015615778;0,009665963;-0,050250214;0,099169485;-0,005399117;-0,05683753;0,10455576;0,1032715;-0,37793764;0,11124916;0,4458475;0,028450442;0,0
19;0,5773;0,15479043;-0,45840925;-1,0;;0,52847415;-0,13133326;0,61964977;0,12109034;0,5654817;-0,03079383;0,01070629;-0,049267452;0,10402518;-0,05462129;-0,078366116;0,10284874;0,10924272;-0,40137818;0,12209685;0,64364713;0,034632407;0,0
20;0,6073;0,054259628;-0,39747453;-0,6540547;1,0;0,2111867;-0,12863317;0,6193948;0,121150255;0,5653364;-0,036548324;0,01174357;-0,044529352;0,10607902;-0,13278222;-0,0864184;0,098504655;0,10915901;-0,4014619;0,124235876;0,6661958;0,043619096;0,0
21;0,6373;-0,026772743;-0,27597263;-0,45310497;0,8196498;-0,0077904603;-0,12090168;0,619309;0,121272355;0,56499183;-0,033678457;0,014021557;-0,04439868;0,11198263;-0,15919949;-0,06971025;0,10558127;0,12601538;-0,43362513;0,12411389;0,78606105;0,057260387;0,0
22;0,6674;-0,0047020116;0,009205993;0,023607593;-0,0056319498;0,0066898954;-0,09495993;0,61933166;0,1213391;0,56451225;-0,023509983;0,01675508;-0,049619578;0,12103739;-0,13322309;-0,043736804;0,1187972;0,12975954;-0,43968493;0,12411925;0,8923882;0,0828652;0,0
23;0,6974;;-0,0038647677;0,028882107;0,010121521;-0,022601234;-0,09461005;0,61939925;0,12141523;0,5639803;-0,011692346;0,018161206;-0,05711645;0,13163002;-0,08422919;-0,029362792;0,14052106;0,12644279;-0,46996245;0,13094197;1,0098083;0,09497824;0,0
24;0,7274;-0,008424974;-0,044423472;0,010505995;0,09650721;0,0007698746;-0,095111;0,61945814;0,121543966;0,5634994;-0,0029467307;0,019124405;;0,14037663;-0,057980254;-0,01866651;0,15035751;0,122640036;-0,47866717;0,1310363;1,0609032;0,1013815;0,0
25;0,7674;-0,004511654;-0,009111353;0,02481348;0,02049141;;;0,6196602;0,1216699;0,5626826;0,006169275;0,019731963;;0,1498422;-0,0310876;-0,008870426;0,14349574;0,11501489;-0,47648838;0,13579379;1,1819078;0,13105349;0,0
26;0,8074;-0,020572253;-0,023713926;0,019112162;0,049856357;-0,018544413;-0,09459163;0,6198358;0,12184159;0,5619221;;;-0,07277323;0,15765361;-0,00963054;-0,0006710203;0,1292461;0,10405899;-0,46783644;0,14281088;1,2545843;0,14583907;0,0
27;0,8474;-0,016692398;-0,01328678;0,022520399;0,02774145;-0,019241821;-0,09210166;0,61998713;0,12203688;0,561202;0,015628798;0,019724527;-0,07530667;0,16573623;0,0032624113;0,0061549023;0,12931938;0,092120185;-0,4724223;0,14309055;1,3342665;0,1752156;0,0
28;0,8874;-0,017798135;-0,024583502;0,027687881;0,051210098;-0,019787053;-0,09304086;0,62009645;0,12220179;0,5605811;0,017457979;0,018822474;;0,17284445;0,011605776;0,011036072;0,14695692;0,09071827;-0,47872618;0,13879392;1,4031394;0,17741145;0,0
29;0,9274;-0,005436696;-0,052294977;0,03197532;0,09792753;-0,000791907;-0,09217918;0,62024003;0,12234472;0,55991316;0,01942006;0,017909082;-0,07813901;0,17631209;0,017138563;0,015070386;0,17284572;0,09060706;-0,48128837;0,14547762;1,4848216;0,18761316;0,0
30;0,9674;-0,023624038;-0,004794691;0,042336557;0,0030884102;-0,030206984;-0,08974553;0,62050205;0,122497745;0,55911696;0,021695005;0,0172642;-0,078828014;0,17930627;0,017852731;0,018124253;0,19938333;0,093320265;-0,4736732;0,13863266;1,5466503;0,18540646;0,0
31;0,9974;-0,035686344;-0,02917463;0,03432481;0,054456994;;-0,09077416;0,6206921;0,122600414;0,55859584;0,02444723;0,017176315;-0,07945571;0,18060143;0,022006324;0,021065697;0,21499076;0,09936058;-0,452927;0,14503607;1,6303359;0,1968603;0,0
32;1,0374;-0,0029401458;-0,017379856;0,013730456;0,030299101;0,00011578383;;0,6209869;0,12274927;0,55783296;0,027960502;0,017134976;-0,07851498;0,18311828;0,022862287;0,022580065;0,19862899;0,09660485;-0,45078078;0,13801984;1,6557177;0,18208668;0,0
33;1,0774;-0,0036117663;-0,06294717;-0,0386151;0,14775592;0,02406889;-0,09090316;0,621271;0,12287124;0,5571493;0,029922452;0,016779725;-0,077764735;0,18371318;0,024669223;0,021224514;0,18428624;0,095556214;-0,4518294;0,13771914;1,7062916;0,18816422;0,0
34;1,1174;0,11179529;-0,26833707;-0,28785834;0,6984371;0,32558298;;0,6213781;0,12297072;0,5566903;0,025904045;0,01562872;-0,074047014;0,17908935;-0,005416575;0,007516518;0,16751386;0,09322405;-0,44680864;0,14420868;1,7346826;0,17527135;0,0
35;1,1474;0,16637258;-0,36377102;-0,5005944;0,9916977;0,50780094;-0,1208749;0,6213766;0,12305786;0,5564054;0,018133597;0,013533498;-0,068981685;0,1754231;-0,05160317;-0,017745893;0,1658796;0,09035393;-0,45212972;0,14416403;1,75821;0,16955112;0,0
36;1,1774;;;-0,66197336;1,0;0,63850594;-0,13323317;0,62128234;0,12310981;0,55621123;0,008361438;0,010992259;-0,06330028;0,17138574;-0,10781785;-0,049515817;0,16797799;0,07946997;-0,45320976;0,13753852;1,7758474;0,1499373;0,0
37;1,2074;0,19267721;-0,48434743;-0,75789493;1,0;0,6311913;-0,13596657;0,6211518;0,12316935;0,5559571;-0,001396402;0,008479697;-0,057903886;0,16497122;-0,16436209;-0,0792234;0,17136127;0,07710894;-0,4555708;0,1331498;1,7855048;0,14576079;0,0
38;1,2374;0,13506564;-0,49221578;-0,7589975;1,0;0,44962314;-0,14014891;0,62102246;0,123226754;0,55566823;-0,009815927;0,0070583983;-0,053881045;0,15747078;-0,2098272;-0,097103894;0,17451482;0,07006123;-0,4503636;0,13340627;1,7911469;0,1646057;0,0
39;1,2774;0,04736264;-0,41577262;-0,6363469;1,0;0,19350578;-0,13582514;0,6208859;0,12337619;0,5551553;-0,01588465;0,007636512;-0,050381545;0,14882004;-0,2485493;-0,09095124;0,17467897;0,06375768;-0,4517652;0,13373315;1,7983385;0,15888806;0,0
40;1,3174;-0,008453352;-0,31321013;-0,46903983;0,9120115;0,014486471;-0,124201916;0,62083733;0,12351216;0,5545853;-0,016220108;0,00944092;-0,050108187;0,14443758;-0,2533113;-0,06484403;0,1473754;0,06854053;-0,44453138;0,13404909;1,8297987;0,14791343;0,0
41;1,3473;-0,019199356;-0,16578174;-0,23863487;0,4915472;-0,05053342;-0,10603325;0,62083864;0,1236095;0,55412984;-0,013014122;0,011000565;-0,05242768;0,14519204;-0,22870198;-0,04092174;0,12704979;0,06896099;-0,43675798;0,13420026;1,8086147;0,14999208;0,0
42;1,3874;;-0,02872793;-0,058570147;0,1114518;;-0,09516933;0,62098616;0,12364338;0,5533539;-0,0052501387;0,012072296;-0,058069237;0,15120068;-0,16600929;-0,017050814;0,10283108;0,07983774;-0,43078318;0,1276606;1,8281411;0,14177123;0,0
43;1,4173;-0,0021142024;-0,007316283;0,012406306;0,029300941;0,009486883;-0,087837495;0,6210886;0,12371305;0,55277956;0,00036465318;0,012020733;-0,062296554;0,15537637;-0,11530362;-0,010322048;0,09010349;0,08527046;-0,4179975;0,116502434;1,8440993;0,12621403;0,0
44;1,4474;-0,009068888;-0,016407656;-0,002417556;0,045921296;-0,0037536712;-0,08847043;0,6211676;0,12376461;0,5522864;0,0042854142;0,012529099;-0,06492428;0,1547485;-0,07640897;-0,004245581;0,09278379;0,08681134;-0,41645664;0,116449244;1,8429291;0,12548266;0,0
45;1,4874;-0,00013053292;-0,0046313796;0,016992982;0,023921361;0,009571492;-0,09168076;0,6212504;0,12382385;0,5516942;0,0076454263;0,013036323;-0,06691589;0,15237041;-0,041377045;0,00033993062;0,11277322;0,080849886;-0,40771222;0,116221406;1,8379166;0,122349866;0,0
46;1,5275;0,0073706284;;0,039310824;0,05782945;0,023923261;-0,091004714;0,62134856;0,12391087;0,551122;0,011033484;0,01323383;-0,06798744;0,15068163;;0,0038261446;0,13632725;0,078512475;-0,4002457;0,11590475;1,8636299;0,117995866;0,0
47;1,5674;0,010661834;-0,040621318;0,014714357;0,08349033;0,029760478;-0,09337172;0,62146354;0,12402816;0,55053604;0,014121267;0,013065695;-0,06772521;0,1492092;-0,0043937317;0,0053362567;0,1470569;0,075796105;-0,40296206;0,1155788;1,8809689;0,103301644;0,0
48;1,5973;-0,0077546523;-0,016508032;0,01358995;0,032155074;0,0019489008;-0,09179904;0,62162644;0,12410951;0,55000174;0,016593572;0,012758945;;0,14836143;0,0033843543;0,005280682;0,1482118;0,06975718;-0,40655002;0,10418221;1,9243616;0,1355283;0,0
49;1,6174;0,0009419429;-0,010128738;0,025326768;0,02490618;0,010647941;-0,09214267;0,62172323;0,12416408;0,5496724;0,018009089;0,012496911;-0,06788472;0,14474167;0,008027656;0,006488411;0,13664013;0,069141395;-0,4071658;0,092949405;1,9713575;0,14958207;0,0
50;1,6474;-0,024733115;-0,02062232;0,013657674;0,046008926;-0,032694902;-0,0925015;0,6218475;0,12425967;0,5492184;0,019329242;0,012354587;-0,06822053;0,13730894;0,013762008;0,009387871;0,13294175;0,06760617;-0,411152;0,09291951;1,9952097;0,1491711;0,0
51;1,6874;0,043406643;-0,14229785;-0,117756054;0,3531746;0,12817077;-0,10107162;0,6219525;0,124338426;0,5486957;0,018509105;0,011704775;-0,067005575;0,12694438;0,0040880237;0,0065355483;0,11428388;0,07111083;-0,4100983;0,08627743;2,0043128;0,15996669;0,0
52;1,7274;0,059949376;-0,23637573;-0,27744633;0,6326031;0,20049629;-0,11018964;0,62196946;0,12444485;0,54826444;0,013584519;0,010643209;-0,063791685;0,11550158;-0,027354471;-0,005464568;0,12089422;0,07344358;-0,4053146;0,08201703;2,016793;0,15244819;0,0
53;1,7574;0,056851238;-0,26184276;-0,35102183;0,71740013;0,22441839;-0,11786927;0,62195915;0,12449125;0,5479322;;0,010099127;-0,0607688;0,10571284;-0,056875236;-0,01693728;0,14083724;0,08106919;-0,40013996;0,075633675;2,0397577;0,16680123;0,0
54;1,7874;0,07018559;-0,2871404;-0,3948076;;0,25055498;-0,12440173;0,6219127;0,12456663;0,5476472;0,0040508625;0,009962214;-0,057658087;0,09537767;-0,08575422;-0,027049923;0,1535925;0,08473789;-0,39647126;0,06914979;2,0278313;0,16955963;0,0
55;1,8173;0,049420197;-0,29254907;-0,406;0,81381625;0,19201486;-0,123196386;0,6218693;0,12464727;0,54735583;;0,010224106;-0,05452293;0,08414861;-0,1138251;-0,03355784;0,16215974;0,095079005;-0,38367915;0,058319647;1,9856466;0,163619;0,0
56;1,8474;0,03240963;-0,32333988;-0,40855008;0,8899853;0,15119556;-0,123013146;0,62186956;0,12476551;0,54698783;;0,011114962;-0,052056376;;-0,13212226;-0,035613764;0,16316633;0,10396048;-0,37724867;0,058420476;1,9878649;0,16500537;0,0
57;1,8773;0,03800899;-0,25451964;-0,3720671;0,72777444;0,15243599;-0,11642098;0,6218578;0,124859385;0,54667795;-0,0024312972;0,012552417;-0,049575403;0,06183058;-0,14777854;-0,033796106;0,15532131;0,102908865;-0,38075125;0,040754754;1,9505261;0,16209355;0,0
58;1,9073;0,0021841605;-0,23142044;-0,34190693;0,66357106;0,07772951;-0,11391605;0,62188274;0,12496382;0,54627323;-0,002603369;;-0,04909989;0,050922558;-0,14752442;-0,031311464;0,14125435;0,10193002;-0,37437716;0,040774483;1,9264504;0,15215243;0,0
59;1,9473;0,010283546;-0,14089218;-0,17906225;0,41142654;0,07361065;-0,10946928;0,62188876;0,12510309;0,5458318;-0,0011940304;0,014997953;-0,04967948;0,039593227;-0,1353305;-0,024805482;0,120580934;0,092799164;-0,36635116;0,03399054;1,8834127;0,15078494;0,0
60;1,9774;-0,015481484;-0,09086183;-0,12446789;0,2819879;0,015949171;-0,10392415;0,6219394;0,12520927;0,5454464;;;-0,05099381;0,033325735;-0,115199834;-0,01837823;0,11289682;0,079466924;-0,37233046;0,033750188;1,8781251;0,14748013;0,0
61;2,0073;-0,015550895;-0,048595935;-0,041037746;0,15893936;0,0075953323;-0,09363163;0,62199455;0,12531061;0,5450347;0,0034048557;0,01504288;-0,052718382;0,028999101;-0,09270314;-0,013669529;0,113442734;0,07710763;-0,36978778;0,033627734;1,8754311;0,14579637;0,0
62;2,0374;-0,002310618;-0,035619624;-0,012852153;0,11431892;0,020277373;-0,09705195;0,62209064;0,12536518;0,5445879;0,006465716;0,014645573;-0,055071898;0,027130406;-0,0659185;-0,0075198426;0,1167523;0,07005821;-0,37193525;0,02661128;1,8272783;0,14123191;0,0
63;2,0673;-0,03204182;-0,01601027;0,014740666;0,057452016;;-0,090591736;0,6221665;0,1254441;0,54421896;0,009628172;0,01405342;-0,056822855;0,023860944;-0,044491213;-0,002130878;0,12767455;0,06876913;-0,36832237;0,033106603;1,8394564;0,12841842;0,0
64;2,0974;-0,019765858;-0,014934774;0,013675806;0,05553231;;-0,0932915;0,6222742;0,12551397;0,54380524;0,01250937;;-0,05844139;0,02293089;-0,025270268;0,0028024735;0,14420183;0,06963918;-0,36009938;0,026177313;1,7932211;0,10973381;0,0
65;2,1273;-0,0113972;-0,029797856;0,009004325;0,08815071;0,0071237027;-0,09312358;0,62236995;0,12558277;0,54341984;0,015063212;0,012966624;;0,021116694;-0,012988721;0,0035374362;0,14458175;0,0685436;-0,358744;0,0261159;1,7918701;0,1191018;0,0
66;2,1574;0,011976888;-0,077093214;-0,09648536;0,22457057;0,06332239;-0,09767296;0,6224763;0,12563147;0,54305977;0,016180178;0,012492202;-0,058661006;0,018216299;-0,010177777;0,0028884779;0,13436668;0,07372308;-0,34621155;0,026075013;1,7174411;0,09300854;0,0
67;2,1873;0,041598346;-0,16782036;-0,17531669;0,44135535;0,1529384;-0,100864;0,62252045;0,12569506;0,5427697;0,014850328;0,012023082;-0,056947213;0,0149765;-0,018927794;-0,002561139;0,12125781;0,07493555;-0,33519518;0,021673847;1,7023149;0,098873235;0,0
68;2,2173;0,078547336;-0,22665326;-0,27698785;0,61370033;0,25152966;-0,10699589;0,62252855;0,12576683;0,54253316;0,011447853;0,011015945;-0,05353534;0,00996153;-0,04033626;-0,0151991015;0,105281256;0,068117104;-0,31015086;0,021883186;1,6824105;0,101751655;0,0
69;2,2474;0,10305365;-0,26344463;-0,33964506;0,7103723;0,32762495;-0,11118791;0,62250084;0,12581766;0,5423285;0,0066404133;0,009627957;-0,049066808;0,0047425944;-0,06676381;-0,030895246;0,09835111;0,07209775;-0,29881728;0,021998264;1,6849422;0,098227754;0,0
70;2,2774;;-0,30888075;-0,41234738;0,8466635;0,3415183;-0,11399752;0,6224465;0,12588328;0,54213226;0,00095075805;0,008251251;-0,044463664;0,00055793836;-0,09340907;-0,048015505;0,080224134;0,08330091;-0,26800627;0,0044997986;1,4470348;0,056766026;0,0
71;2,3074;0,085998654;-0,28992316;-0,43339747;0,8137359;0,29093686;-0,11232843;0,6223853;0,12594314;0,5418947;-0,004751463;0,008060384;-0,039485447;;-0,118628226;-0,05997941;0,062059935;0,074969515;-0,21506317;0,0046958583;1,3042892;0,044143215;0,0
72;2,3373;0,018941825;-0,26719016;-0,39192975;;0,1207506;-0,111708544;0,6222845;0,12600681;0,5417132;;0,008483616;-0,034164935;-0,016552769;-0,13356656;-0,06292174;0,08865466;0,06828932;-0,14576297;0,0049669277;0,95894563;0,032551788;0,0
73;2,3675;-0,0147545235;-0,2213932;-0,3082424;0,63061756;0,011728657;-0,09742902;0,622246;0,12609354;0,54148966;-0,0108885765;0,009785426;;-0,022825997;-0,13973133;-0,052166082;0,09715982;0,06598983;-0,09659187;0,005042751;0,7727052;0,023381941;0,0
74;2,4074;-0,023658097;-0,08774224;-0,11783268;0,26750553;-0,030391581;-0,049293295;0,62225616;0,12621753;0,54123414;-0,008125136;0,011120946;-0,020652032;-0,024423314;-0,12238893;-0,0354506;0,09457477;0,062400267;-0,03890692;0,0051247757;0,36601305;0,0347222;0,0
75;2,4474;-0,018563196;0,012418755;0,031466506;-0,0073607913;-0,016500313;-0,0019949381;0,6223447;0,12629244;0,5409989;-0,0011967939;0,011674134;;-0,017708756;-0,08185618;-0,019757556;0,087023884;0,056053687;0,055236693;0,0050707515;0,13606635;0,008448326;0,0
76;2,4874;-0,013244334;0,0003896603;0,011100088;0,018594317;-0,005667836;0,032450855;0,62243646;0,12638102;0,54091233;0,0047688996;0,011426672;-0,0103746215;-0,0076379464;-0,046700913;-0,01096445;0,05389333;0,053954042;0,18794097;0,004813203;-0,106527835;0,004907033;0,0
77;2,5274;-0,009198189;0,023546133;0,013882289;-0,025817424;0,0063256673;0,04507902;0,62249523;0,12642768;0,54100055;0,007519906;0,011177861;0,00092120277;0,0008490279;-0,03224822;-0,0045629153;0,03523993;0,058742773;0,20988657;0,0044965213;-0,27689353;0,00055265764;0,0
78;2,5573;-0,033756327;0,0012226881;0,021366639;0,0056530097;-0,04474559;0,052529994;0,6225553;0,12649027;0,54109395;0,0078110383;0,011011712;0,010118834;0,0059127966;-0,02768796;-0,0025247938;0,019609217;0,06882463;0,34987038;0,0041699484;-0,45564675;-0,003937722;0,0
79;2,5874;;0,017269656;0,023602607;-0,022303019;-0,022702642;0,053396598;0,62259805;0,12655547;0,54125583;0,0072996304;0,0115509145;0,021653289;0,009691383;-0,027023239;0,00050473335;0,022795182;0,07983773;0,36578545;0,0040038885;-0,54916936;-0,006221044;0,0
80;2,6174;-0,031185275;0,024619423;0,009804034;;-0,035513114;;0,62262154;0,12660943;0,54158527;0,006936736;0,012491758;;0,01209726;-0,028875822;0,002779377;0,039878484;0,0779274;0,378581;0,0038226014;-0,5858374;-0,008713739;0,0
81;2,6473;;;-0,03939079;-0,1220817;0,0070583215;0,048158396;0,6226348;0,12670687;0,5419372;0,006879667;0,013344216;0,040871717;0,01391137;-0,026512738;0,0042584618;0,04843316;0,08925693;0,38991052;0,0037929502;-0,58648974;-0,009121445;0,0
82;2,6773;0,024291212;0,09585868;-0,12536171;-0,24904853;;0,045430955;0,62265193;0,12682004;0,5422589;0,006331725;0,013730591;0,046383217;0,016791692;-0,015850836;-0,0007709533;0,065453604;0,112712756;0,41091537;0,0038353552;-0,6509163;-0,008538376;0,0
83;2,7173;0,052981652;0,18122564;-0,26244003;-0,4957759;0,23940894;;0,6226579;0,12695816;0,54268426;0,0043802653;0,014730034;0,050665338;0,021209683;0,007678439;-0,013610281;0,06699321;0,10546703;0,41592455;0,004031997;-0,6384202;-0,0058345483;0,0
84;2,7474;0,08633361;0,2900779;-0,47859126;-0,83678144;0,38933483;0,031014647;0,6226498;0,1270581;0,54295;0,0013070119;0,014999434;0,05091998;0,025856882;0,041353334;;0,05948795;0,11240659;0,42776605;-0,004708816;-0,69999915;-0,003471707;0,0
85;2,7874;0,1328655;0,38353518;-0,67280877;-1,0;0,5783741;0,013536122;0,62256867;0,12721023;0,5432565;;0,0149637405;0,047529716;0,03201202;0,10734646;-0,061556537;0,0392017;0,10398291;0,4315973;-0,008835692;-0,72543097;0,0010582587;0,0
86;2,8174;;0,29157946;-0,6000885;-0,8995774;;-0,020669023;0,6224245;0,12734577;0,5435219;-0,012947024;0,014926566;0,045432497;0,0317305;0,14787248;-0,08163746;0,031228429;0,0991637;0,42677808;-0,008704652;-0,72254807;0,002860057;0,0
87;2,8473;0,058253564;0,19507433;-0,4637266;-0,6445666;0,33692482;-0,050985005;0,62226796;0,12750155;0,5439099;-0,016582673;0,0150288185;0,046674315;0,025476508;0,15567997;-0,088009916;0,019839697;0,094568394;0,4074769;-0,003968079;-0,68370295;0,0067134243;0,0
88;2,8774;0,02054557;;-0,25003928;-0,41964275;0,18690386;-0,07941518;0,6221869;0,1276342;0,54422104;-0,017283952;0,015138574;0,0487992;0,017869271;0,14624147;-0,08550391;0,026080552;0,095621556;0,41098103;-0,0038083594;-0,71286887;0,008909568;0,0
89;2,9074;-0,044294734;;-0,0053849053;-0,022725932;-0,043309107;-0,08565391;0,62215877;0,12776004;0,5445539;-0,013922342;0,015784888;0,053094804;0,008129632;0,11784384;-0,069581784;0,036851667;0,0941486;0,40950808;-0,010473289;-0,7369483;0,009178555;0,0
90;2,9373;-0,03465596;-0,052805025;0,052586347;0,07108472;-0,037854522;-0,08867128;0,622174;0,12785313;0,5449908;-0,008327171;0,016759772;0,059104044;-0,0046504596;0,073005036;-0,04727412;0,057554476;0,1008376;0,4014912;-0,010573044;-0,76365274;0,0078069135;0,0
91;2,9674;-0,04865195;;0,029701715;0,062359862;-0,061233472;-0,08261313;0,6221952;0,12795661;0,54546523;-0,0030980348;0,017400263;0,06315443;-0,014622271;0,04037585;-0,032079447;0,06377453;0,10067884;0,39643046;-0,010654554;-0,7981257;0,006686157;0,0
92;3,0073;-0,053992044;-0,03971024;0,017727252;0,056006487;-0,072773196;-0,07761269;0,6222226;0,12813759;0,54611653;0,0019854922;0,018037038;0,06674559;-0,023429962;0,0088509945;-0,018804047;0,059757296;0,09936582;0,4000194;-0,02876102;-0,812481;0,002820298;0,0
93;3,0374;-0,026397217;-0,048778884;0,04067075;0,074365646;-0,025517045;;0,6222757;0,12824793;0,546575;0,0044592107;0,018566942;0,06850373;-0,032549646;;-0,010236836;0,035198465;0,10641403;0,40461665;-0,033549316;-0,860634;-0,0017442972;0,0
94;3,0674;-0,024110999;-0,045601267;0,038685646;0,07698466;-0,02536824;-0,029461501;0,6223235;0,1283682;0,5470081;0,0056720674;0,018862065;0,06988854;-0,04097417;-0,018454159;-0,005903003;0,017748203;0,1027996;0,40835515;-0,033738345;-0,8893024;-0,004343411;0,0
95;3,1074;-0,04094167;-0,01697297;0,027340999;0,030061593;-0,049798895;0,027825462;0,6223898;0,12852065;0,5476307;0,0055057784;0,019403517;0,071175516;-0,045530275;-0,029218035;-0,0002921059;-0,0036793153;0,10192937;0,41483787;-0,03398312;-0,91919726;-0,007709069;0,0
96;3,1474;-0,023015106;-0,005675067;0,009441586;0,019505396;-0,015667148;0,08754322;0,6224531;0,12867579;0,5482081;0,0043531978;0,019621251;;-0,04309974;-0,034998827;0,0034110048;-0,00895024;0,1001513;0,4130598;-0,029632794;-0,962379;-0,009166604;0,0
97;3,1773;-0,0053438144;0,20443663;-0,22727625;;0,09454455;0,14006191;0,6224926;0,1288003;0,54860824;0,002060833;0,019336471;0,07080808;-0,03514276;-0,026343398;0,0008648583;-0,006870315;0,10643439;0,41198996;-0,029573865;-0,98559237;-0,008356333;0,0
98;3,2073;0,047589216;0,3293749;-0,46018845;-0,9121776;0,26007062;0,16460326;0,6224375;0,12891053;0,54895234;;0,019549316;0,06461061;-0,019536346;0,022976343;-0,008993583;0,0014447663;0,104064934;0,4096205;-0,029506;-0,9840993;-0,0074231895;0,0
99;3,2373;0,015667861;0,3101651;-0,47831932;-0,8560936;0,1881425;0,1583574;0,6222978;0,12906611;0,5493008;-0,009572886;0,019600684;0,05877081;-0,0064603467;0,06883436;-0,02129024;0,022566468;0,09701935;0,4050259;-0,029249456;-0,97845536;-0,0038957135;0,0
100;3,2673;-0,027940672;0,12244084;-0,25546038;;;0,14065728;0,6221403;0,1292314;0,54976517;-0,012357734;0,020075172;0,055882405;0,00036479166;0,089709856;-0,021578504;0,025451139;0,100631885;0,40618744;-0,029056877;-0,9742186;-0,0012477313;0,0
101;3,2973;-0,021829823;0,066465095;-0,091770984;-0,20651491;0,009188088;0,13269676;0,6220591;0,12935634;0,55027723;-0,010942931;0,02028434;0,05721354;0,0011642885;0,07828212;-0,016229376;0,021268284;0,10150215;0,4070577;-0,03541097;-0,9506099;0,0032952528;0,0
102;3,3274;-0,037902944;-0,013891039;0,0122310445;0,019558648;-0,042057678;0,12686852;0,6220524;0,12947494;0,5507652;-0,0073741474;0,020260679;0,06049659;-0,0028660276;0,051480252;-0,009137222;0,015018166;0,102855206;0,40841076;-0,035291314;-0,94797754;0,004940493;0,0
103;3,3575;-0,05020488;0,0053265975;0,0073077558;-0,0060872613;-0,06877553;0,12212974;0,6220307;0,12961905;0,55127466;-0,004262877;0,020296061;0,063702434;-0,00786553;0,025617888;-0,0025243883;-0,002394193;0,105580434;0,41358697;-0,035064157;-0,9429801;0,008063919;0,0
104;3,3875;-0,048400074;;0,0028396172;-0,009294394;-0,062704735;0,12366044;0,622009;0,12978865;0,5517294;-0,0028017166;0,020437041;0,06594197;-0,011296296;0,00801164;0,002379021;-0,014825008;0,10925329;0,41480884;-0,03276716;-0,916956;0,0090103485;0,0
105;3,4175;-0,041297607;0,0043832525;0,005537077;-0,0015192416;;0,12891576;0,62199014;0,12990986;0,5521857;-0,002433163;0,020773161;0,06758267;-0,012855505;-0,004489834;0,0061847763;-0,021001512;0,10978926;0,42024678;-0,03278476;-0,91734314;0,008768395;0,0
106;3,4575;;0,016033938;0,009661526;-0,032273743;-0,041200083;0,12431393;0,62197036;0,13012956;0,5527907;-0,0024239912;0,021226173;0,06934359;-0,013873204;-0,016605439;0,010150644;-0,012831636;0,105252214;0,4181607;-0,032960184;-0,8966927;0,0063562742;0,0
107;3,4873;-0,033664577;-0,017903272;0,009718126;0,037968818;-0,04235161;0,12093151;0,62195295;0,13025984;0,5532397;-0,0022643844;0,021207929;0,07008617;-0,014375148;-0,021336019;0,011575941;-0,008127048;0,10290836;0,41826785;-0,03306578;-0,89901584;0,0049043247;0,0
108;3,5173;-0,022253359;;-0,0027774775;-0,024476562;-0,023433506;0,12461094;0,6219663;0,13035943;0,55371875;;0,021104025;0,071018875;-0,015189096;-0,027686238;0,012658219;0,0072474903;0,10057005;0,41592953;-0,03338234;-0,90598017;0,00055162294;0,0
109;3,5473;-0,030113716;0,0022826784;0,01704885;0,002145251;-0,038495444;0,12446721;0,62197447;0,13048619;0,5541769;-0,0013764267;0,020801306;0,071383044;-0,015611452;;0,0130539825;0,014747079;0,09279144;0,41060188;-0,04026692;-0,92672193;-0,0021995627;0,0
110;3,5774;-0,03688446;0,0080595;0,007153772;-0,00951553;-0,04639857;0,12811676;0,6220067;0,13061301;0,55463415;;0,020169929;0,07152608;-0,017936895;-0,033175126;0,012680357;0,013106049;0,08680238;0,39971086;-0,04056047;-0,93318;-0,0062358472;0,0
111;3,6174;-0,029996565;-0,018265316;0,017975098;0,036118846;-0,04205238;0,12818666;0,6220566;0,13076517;0,55520236;0,00093573285;0,019374387;0,07135583;-0,021222701;-0,036118187;0,013041999;-0,008843047;0,06422732;0,39429268;-0,03405624;-0,9208059;-0,008714452;0,0
112;3,6575;-0,031381402;0,011180195;;;-0,040267304;0,12288031;0,6220995;0,13087402;0,5557811;0,0007080492;0,017637588;;-0,020666646;-0,037357587;0,012851131;-0,028970126;0,046708383;0,38902864;-0,034080237;-0,92133385;-0,009044455;0,0
113;3,6974;-0,010028684;0,10872482;-0,10732871;-0,27173126;0,034213416;0,13834412;0,62209094;0,13100025;0,5563888;-0,0008211304;0,015655227;0,06880767;-0,018984657;-0,032546453;0,01337678;-0,040846854;0,035331212;0,39235735;-0,033941444;-0,91828036;-0,007136025;0,0
114;3,7374;-0,0041914694;0,21284835;-0,26064298;-0,5633348;0,08625613;;0,6220277;0,13112508;0,5568853;-0,005608359;0,01344273;0,063454315;-0,011715156;0,00493413;0,0039189667;-0,03985195;0,017504508;0,3916875;-0,029218098;-0,9042361;-0,0034645374;0,0
115;3,7674;-0,033712007;0,18704587;-0,20238559;-0,50669664;0,01519935;0,14610262;0,6219067;0,13120082;0,5573067;;0,011740423;0,059614003;-0,005159749;0,03397904;-0,001272081;-0,035600267;0,007549485;0,3939874;-0,029089501;-0,9014069;-0,0016963141;0,0
116;3,7874;-0,04182627;0,14649591;-0,15726882;-0,4008707;-0,019526418;0,14321142;0,6218577;0,13122635;0,55755854;-0,010668059;0,010152195;0,058295768;-0,0017041552;0,045128126;0,00013827498;-0,016487138;0,013592374;0,4000303;-0,02875751;-0,89410317;0,0028685376;0,0
117;3,8375;;-0,0056988825;;0,009229329;-0,039900694;0,1267894;0,62172174;0,13125913;0,5584249;-0,008752408;0,00831074;0,060959898;-0,0031223095;0,025498694;0,0040393807;-0,014930527;0,018184565;0,39726955;-0,017336499;-0,879769;0,006721168;0,0
118;3,8675;-0,03889171;-0,013910132;0,023782153;0,02312335;-0,052585054;0,12742591;0,62167597;0,13128534;0,55894005;-0,0068331677;0,007579385;0,06343486;-0,0019103804;0,006613064;0,006835986;-0,01819627;0,019468157;0,39855313;-0,010538733;-0,869107;0,0082787005;0,0
119;3,9074;-0,022788526;0,0076122833;0,012895492;-0,007432787;-0,024284147;0,12046965;0,62164;0,13130856;0,55957204;-0,005067312;0,007204316;0,06574423;0,0028105846;-0,010888988;;-0,03853732;0,018589655;0,40502757;-0,010473333;-0,89217806;0,00917794;0,0
120;3,9373;-0,031218147;-0,0023588086;-0,0030700944;0,003969037;-0,03725254;0,12538046;0,6216293;0,13132586;0,5599933;-0,0049407952;0,006911445;0,06691622;;-0,018901754;0,011725856;-0,05920317;0,014354022;0,4056939;-0,010573189;-0,89437485;-0,007513704;0,0
121;3,9774;-0,038490467;0,0057743113;0,009840803;-0,018411797;-0,05049964;0,12183637;0,6215789;0,13134684;0,56062526;-0,005787895;0,0063945795;0,068462506;0,009544629;-0,02763516;0,01244094;-0,07174708;0,008379842;0,40462166;-0,0041290144;-0,9078318;-0,010818065;0,0
122;4,0174;-0,024810474;-0,014138537;0,010148984;0,029719232;-0,027627992;0,117212586;0,62147695;0,13137947;0,56130695;-0,006961953;0,0055541974;0,069090776;0,0134214945;-0,031403355;0,011045733;-0,06826687;-0,006850637;0,3991951;-0,0044500562;-0,90672475;-0,025444807;0,0
123;4,0574;-0,044413246;-0,017626759;0,0016439877;0,03228029;-0,05901747;0,105955616;0,621384;0,13143584;0,5619314;-0,00807925;0,004309059;0,06960219;0,016647337;-0,03643073;0,010502381;-0,050367083;-0,014567242;0,39638048;-0,0047730505;-0,9220006;-0,019673562;0,0
124;4,0974;-0,022490555;-0,010191906;0,025046512;0,02311758;-0,030158354;0,083782084;0,6213083;0,13145559;0,56256247;;0,0031830068;0,069500074;0,016999021;-0,037926607;0,011172735;-0,02734282;-0,008786925;0,3899059;-0,005017335;-0,9192049;-0,023032475;0,0
125;4,1274;-0,018483954;-0,004818915;0,026481315;0,010547202;-0,015510467;0,06572835;0,62127423;0,131447;0,56304634;-0,007054629;0,0024083895;0,06940972;0,015580421;-0,039630182;;-0,02370906;-0,007429721;0,3912631;-0,005078612;-0,9287229;-0,008556402;0,0
126;4,1574;-0,01565409;-0,016298316;0,012953265;0,03168941;-0,015991047;;0,621259;0,13144329;0,5634738;-0,005733334;0,0020734125;0,069270074;0,013345571;-0,04021174;0,010619828;-0,024146669;-0,0022493426;0,39644346;-0,0051192264;-0,92961645;-0,00911485;0,0
127;4,1874;-0,024899472;-0,018394785;0,009636003;0,033666488;-0,027326511;0,03511853;0,6212218;0,13145529;0,5639654;-0,004896674;;0,0694287;0,010541576;-0,041178994;;-0,030744944;0,0014191634;0,40501395;-0,005063822;-0,9202276;-0,0083530415;0,0
128;4,2274;-0,032511186;-0,046458848;0,017842853;0,076960504;-0,042547435;0,023004686;0,62117;0,13145302;0,56462103;-0,004577214;0,0019252343;0,07010605;0,0062721036;-0,04205811;;-0,040189918;0,0068531414;0,40799692;-0,0048541357;-0,91561455;-0,0054698586;0,0
129;4,2574;-0,027940938;-0,0131894;0,007846976;0,02585389;-0,03510462;0,010104554;0,62113345;0,13148277;0,5651118;-0,004781149;0,0023613465;0,07099683;0,003186183;-0,044525247;0,009210594;-0,042214397;0,008381402;0,4070742;-0,004738835;-0,8885681;-0,003884473;0,0
130;4,2876;-0,014020522;-0,011408651;0,010684374;0,022094449;-0,01036071;0,00885999;0,6211132;0,13148564;0,565566;-0,0050113774;0,0026657658;0,07141991;0,0005847955;-0,044926997;0,008927954;-0,035783526;0,009770396;0,40601224;-0,004412123;-0,8895504;0,0006078164;0,0
131;4,3275;-0,02704435;-0,0021268725;0,0056512696;0,006478462;;0,003950443;0,6210942;0,1315047;0,56619483;-0,0050352043;0,0031067103;0,071696304;;;0,00914303;-0,018230323;0,0074265096;0,39876637;-0,004096145;-0,858089;0,004952516;0,0
132;4,3575;-0,011527864;-0,03470246;0,014515649;0,059008356;;0,007095835;0,62107116;0,13151754;0,5666726;-0,004487015;0,0031312783;0,071499795;-0,0031914548;-0,044396993;0,008502731;0,033478606;0,009604382;0,37888542;-0,0038695585;-0,80408454;0,008068081;0,0
133;4,3975;-0,031824395;-0,012373287;0,01193952;0,02154793;-0,038874727;0,009778642;0,62108403;0,13154352;0,5672962;-0,0013142282;0,0032259694;0,07069886;-0,0042120162;-0,045968458;0,0087130405;0,057016667;0,0060112663;0,37284133;-0,003787883;-0,8104576;0,009191116;0,0
134;4,4375;-0,008470105;-0,03301427;;0,058643017;-0,0029758576;0,015737629;0,62113893;0,13157271;0,56788397;0,0023493997;0,0031912525;0,06950729;-0,004328262;-0,046073597;0,009109093;0,059173495;0,025932655;0,355998;-0,003871668;-0,7877911;0,008039077;0,0
135;4,4775;-0,010704743;-0,024030346;0,024647059;0,040675953;;0,013678468;0,6212135;0,13161597;0,568472;0,0049109096;0,004114254;0,0680161;-0,004365978;-0,047183868;0,009981144;0,042409807;0,029445328;0,33745188;-0,004100066;-0,71928644;0,0048985984;0,0
136;4,5174;-0,043883305;-0,017279169;0,003929557;0,017947348;-0,061834596;0,016453374;0,62133306;0,13165341;0,5689492;0,0060421512;0,0048727165;0,06587075;-0,0042421054;-0,047321986;0,008788871;0,022140207;0,051396508;0,3275403;-0,004416692;-0,71808225;0,0005449969;0,0
137;4,5474;0,011545074;0,22447369;-0,33888;-0,6198435;;;0,6213736;0,13170055;0,56928146;0,0038696944;;0,061473064;-0,0008793365;-0,025629899;0,0071945926;0,0146562895;0,059175342;0,32306424;-0,004616655;-0,65712196;-0,0022044946;0,0
138;4,5774;0,052489143;0,4548604;-0,6859814;-1,0;0,29297727;0,064164676;0,62129927;0,13178398;0,5694681;-0,0032852702;0,008283917;0,052258004;0,009141629;0,03590148;;0,040803317;0,06760243;0,2726678;0,0062312577;-0,5655267;-0,006231974;0,0
139;4,6074;0,0831271;0,4883259;-0,8211523;-1,0;0,3951047;0,07074148;0,62115204;0,13189071;0,5695897;-0,01208685;0,009579205;0,039822362;0,025134133;0,11307843;-0,024844617;0,051184107;0,0699658;0,27503115;0,010598732;-0,5756514;-0,0074537024;0,0
140;4,6374;0,029316563;0,33149594;-0,60398954;-1,0;0,23800473;0,057082906;0,6209131;0,13198788;0,56980693;-0,01847157;0,0107849855;0,02997477;0,0396689;0,17184953;-0,040954594;0,0713541;0,07210687;0,2698193;0,02384634;-0,57832175;-0,009122647;0,0
141;4,6674;-0,014223983;0,02943718;-0,16305716;-0,17414199;;0,021576578;0,6207367;0,1321278;0,5701161;-0,01746698;0,012012049;0,028790459;0,046599675;0,16753472;-0,03979722;0,07473329;0,06848842;0,24904397;0,023852067;-0,5781957;-0,009043877;0,0
142;4,6975;-0,030813988;-0,02279818;;0,0223075;-0,03216522;-0,030960726;0,62074447;0,13222322;0,5704439;-0,010504631;0,012224969;0,03352251;0,043743487;0,11330396;;0,08169624;0,07986256;0,2261044;0,03513182;-0,46893004;-0,0071335663;0,0
143;4,7274;-0,021793213;-0,039557118;0,016662037;0,055573605;-0,019945586;-0,073884554;0,6207643;0,13233134;0,57075846;-0,0040703937;0,012810112;0,03624392;0,04079645;0,07113333;-0,021108536;0,075164154;0,078506775;0,20514075;0,04636708;-0,44234255;-0,0058350153;0,0
144;4,7575;-0,026459739;;0,022573825;0,07623487;-0,030914195;-0,10498828;0,6207826;0,1324257;0,5710522;0,00048907835;0,013148121;0,037533376;;0,0388461;-0,015409292;0,0568133;0,06106952;0,11172311;0,08231916;-0,35401106;-0,0016899158;0,0
145;4,7873;-0,03376925;-0,042759076;0,036665723;0,058335487;-0,042963807;-0,09839387;0,62082076;0,13251661;0,5712983;0,0034627246;0,013212303;0,035217278;0,049393307;0,01612108;-0,008610709;0,044057786;0,05740104;0,054133065;0,13599569;-0,1780294;0,0010682272;0,0
146;4,8174;-0,027454097;-0,067485794;0,019583855;0,11473482;-0,027365966;-0,094344094;0,62085086;0,13256434;0,5715101;0,005074337;0,012809297;0,030118952;0,07647474;0,0030645996;-0,0038841553;0,03225691;0,032359853;-0,0027708674;0,17864126;-0,048650548;0,061505172;0,0
147;4,8473;-0,04467657;-0,04902705;0,032015093;0,080322005;-0,064293995;-0,09673347;0,62091416;0,1326613;0,57158554;0,005640093;0,011578514;0,024041042;0,11462671;-0,006691361;-0,00023053234;0,03290426;0,025932947;-0,12439385;0,18319827;0,07611356;0,07310202;0,0
148;4,8773;-0,032462537;-0,06000466;0,026405249;0,091664016;-0,037599128;-0,09511583;0,62097466;0,13269484;0,5715929;0,0060314024;;0,014399572;0,14892718;-0,008977523;0,0052122134;0,045701105;0,01719063;-0,22382244;0,19004197;0,45543337;0,10082232;0,0
149;4,9074;-0,039827693;-0,060353555;0,040972147;0,09247793;-0,055935163;-0,098396905;0,6210219;0,13273053;0,5715507;0,0067025595;0,008791389;0,0025502087;0,17646283;-0,0064315223;0,0079585295;0,063049555;0,020626353;-0,29146516;0,18337694;0,59475;0,10108968;0,0
150;4,9374;-0,01856344;-0,05623264;0,040552355;0,08953641;-0,017295025;;0,6210973;0,13275471;0,571403;0,007973403;;-0,009737276;0,1953904;-0,0016778054;0,011665209;0,0804595;0,029768016;-0,31418625;0,18550509;0,74777883;0,11503335;0,0
151;4,9673;-0,02506965;-0,051823545;0,03122642;0,08574786;-0,028224442;-0,09164596;0,62119913;0,13276558;0,57118297;0,009535677;0,007005161;-0,020518275;0,20938565;0,0027348676;0,011627024;0,08504739;0,041869774;-0,3339472;0,18542331;0,79499936;0,13433373;0,0
152;4,9974;-0,024492877;-0,055604625;0,012713912;0,103706114;-0,025003295;-0,09168002;0,6212401;0,1327981;0,57096756;;0,0069419653;-0,029227553;;0,005022132;0,012186063;0,09078833;0,04546052;-0,3671212;0,17845732;0,8459956;0,14578156;0,0
153;5,0374;0,0075923256;-0,13606107;-0,12122534;0,31814316;0,054037478;;0,6213182;0,13284044;0,5706578;0,0105055;0,0073257172;-0,03773417;0,2264304;-0,0029756422;0,011484972;0,07763519;0,059853137;-0,37723836;0,18926628;0,9203942;0,15143101;0,0
154;5,0673;0,026316259;-0,18610749;-0,17297919;0,45812616;0,10848654;-0,098735146;0,6213057;0,1328858;0,5704492;0,008104007;0,0077427;-0,042130005;0,23049505;-0,018343234;0,0068951366;0,06180982;0,066037595;-0,38085783;0,19576177;0,93257606;0,15393846;0,0
155;5,1074;0,05600085;-0,23019521;-0,22222658;0,5797016;0,18513343;-0,10238407;0,6212666;0,13297601;0,5701206;0,0034805282;0,008027421;-0,04537355;0,23706976;-0,045145225;-0,004601068;0,038763493;0,060253713;-0,3988966;0,18883269;0,9598745;0,17099999;0,0
156;5,1474;-0,005454152;-0,210819;-0,23624234;0,5515632;0,037050404;-0,102723755;0,62120366;0,13306056;0,56974787;-0,0013559916;0,008257638;-0,04768741;0,23959278;-0,06830884;-0,011482487;0,028650329;0,056015506;-0,4178407;0,19541168;1,0229133;0,17465581;0,0
157;5,1874;0,011417393;-0,17030364;-0,18882708;0,43959996;0,06103269;-0,099075615;0,6211579;0,13313274;0,56927013;-0,0052202144;0,008791215;-0,05101103;0,241637;-0,07837314;-0,009124347;0,03731375;0,04023731;-0,4336189;0,20215566;1,0895815;0,17036751;0,0
158;5,2173;0,0076882513;-0,14089987;-0,13540775;0,36343795;0,05185909;-0,09825143;0,6211328;0,13321395;0,56885874;-0,006105971;0,0084360065;-0,05425294;0,24658512;-0,077055775;-0,0068598087;0,05163361;0,010302406;-0,44394597;0,20236519;1,1432108;0,17324857;0,0
159;5,2474;-0,007103659;-0,08334696;-0,032328725;0,19585265;0,006720415;-0,090363;0,6211704;0,13326113;0,56836647;-0,0050028507;0,0069969175;-0,057974126;0,25195614;-0,06828379;-0,0042058183;0,058554284;0,0038734965;-0,4479239;0,20248042;1,219275;0,15440801;0,0
160;5,2774;-0,019403864;-0,038473763;0,053929977;0,06819575;-0,023469187;-0,093071535;0,6212259;0,13328336;0,5678723;-0,0017860035;0,0053543327;-0,062044144;0,25753552;-0,04954404;0,0003975343;0,0651928;-0,009769887;-0,43705747;0,19612297;1,2673197;0,14358626;0,0
161;5,3074;-0,02367508;-0,024429383;;0,04497774;-0,023386257;-0,0905404;0,621308;0,13326512;0,5673597;0,0021244793;0,003865447;-0,065272085;0,26015612;-0,029933203;0,006153985;0,06044604;-0,008783954;-0,43116957;0,2030035;1,2879723;0,12075072;0,0
162;5,3374;;-0,028035158;0,024512302;0,050854765;-0,04176777;;0,6213608;0,13327962;0,5669017;0,0045430805;0,0025101814;;0,26319885;-0,017108377;0,008838029;0,041985046;-0,004543751;-0,42938036;0,19658983;1,3266102;0,109155886;0,0
163;5,3774;;-0,03700809;0,023757143;;-0,042215332;-0,08744026;0,6214207;0,13325164;0,5662956;0,0060666515;0,0019929686;-0,0686893;;-0,0042782417;0,013821224;0,022709332;0,0014300275;-0,42585754;0,19227761;1,3951403;0,09071266;0,0
164;5,4174;-0,027257636;-0,05142061;0,024470406;0,09269417;-0,029070409;;0,6214523;0,1332375;0,56571966;0,006120944;0,0018198846;-0,069589764;0,26344404;0,0038726474;0,015645409;0,016587824;0,0068591656;-0,42042843;0,19225955;1,3947428;0,09046425;0,0
165;5,4574;-0,03621809;-0,03465418;0,032724567;0,055829972;-0,04705519;-0,090764664;0,62152594;0,13321304;0,56505;0,0053085084;0,0017974399;-0,06978469;0,2617798;0,008127287;0,014939022;0,02806853;0,009666813;-0,41762078;0,19654004;1,3990443;0,08804645;0,0
166;5,4974;-0,022854;-0,028298322;0,03740739;0,045823462;-0,023943529;;0,62156945;0,13321483;0,5644382;0,0053500882;0,0020945796;-0,06979659;0,2620927;0,012339993;0,015346446;0,04881566;0,008781144;-0,4258594;0,19179371;1,4335141;0,09427146;0,0
167;5,5374;;-0,03275116;0,030011872;0,057380907;-0,0191806;-0,08854194;0,6216176;0,13323082;0,56384206;0,0060855146;0,0020284364;-0,06998753;0,26203626;0,014947117;0,013776915;0,06378279;0,0045446255;-0,43254688;0,18477696;1,4098642;0,08970273;0,0
168;5,5774;-0,015250447;-0,029833252;0,03629702;0,050775055;-0,012486003;-0,08854396;0,6216863;0,13323054;0,5632401;0,0075447494;0,0020019638;-0,070742264;0,25924227;0,01778342;0,013928871;0,06212612;-0,0014326507;-0,43852416;0,18448411;1,4034215;0,09588848;0,0
169;5,6074;-0,023950975;-0,035573576;0,03371256;0,059106037;-0,029975345;-0,084968075;0,6217381;0,13324851;0,5627773;0,008879305;;-0,07149082;0,2556471;0,018715365;0,012949272;0,045051184;-0,006856782;-0,44639927;0,1843037;1,3994526;0,09340784;0,0
170;5,6474;-0,030497605;-0,044527818;0,035533927;0,07508284;-0,030309608;-0,08351103;0,62183756;0,13326292;0,5620972;0,008942602;0,0010347645;-0,07236958;0,25387487;0,019990623;;0,036471013;-0,008384094;-0,45037755;0,17758963;1,3906318;0,09810726;0,0
171;5,6773;-0,03129889;-0,04618197;0,03192634;0,07805568;-0,039628044;;0,6219049;0,13323691;0,5615812;0,008560356;;-0,07290699;0,25058478;0,019043867;0,013598228;0,019479658;-0,009769948;-0,4542144;0,17317621;1,3997461;0,09869753;0,0
172;5,7073;-0,022102168;-0,04045414;0,047304146;0,06326769;-0,019913135;-0,084369645;0,62192845;0,13321431;0,56110984;0,007619379;0,0003092343;-0,07382835;0,24624261;0,020406453;0,014710702;0,016343048;-0,008783506;-0,45322794;0,17327803;1,401986;0,100097485;0,0
173;5,7374;-0,024842488;-0,050350703;0,03826539;0,088521734;-0,030581955;-0,08297958;0,6219463;0,13324234;0,56061834;0,006669601;-0,00012648437;-0,07418924;;0,01951593;0,013815877;0,017983964;-0,007422703;-0,4567691;0,17337279;1,4040707;0,10140038;0,0
174;5,7674;-0,015009455;-0,041408293;0,029277816;0,06995219;-0,010511198;-0,083604015;0,6219727;0,13320911;0,56014293;0,0055508516;-0,0004962203;-0,074737;0,2391206;0,018692104;0,0127313845;0,045848392;0,008786084;-0,45036423;0,16719057;1,4314605;0,11851906;0,0
175;5,8074;-0,020053644;-0,032596033;0,04114134;0,05400797;-0,01865391;-0,08609038;0,6220435;0,1332164;0,5594225;0,005864957;;-0,07511019;0,23559728;0,019869942;0,013083705;0,053794537;0,00869669;-0,44800267;0,16732128;1,434336;0,1203162;0,0
176;5,8473;-0,027350808;-0,030724604;0,027825162;0,050556224;-0,030344527;-0,08445011;0,6221095;0,13323389;0,5587589;0,0069383853;0,00042733035;-0,074966095;0,23139471;0,019614639;0,012332032;0,0716743;0,013286483;-0,44586384;0,1609169;1,4241587;0,1241678;0,0
177;5,8776;;-0,029833436;0,03889735;0,048266742;-0,018655682;-0,08745699;0,62216854;0,13322142;0,558258;0,008203909;0,0009945241;-0,07491778;0,22753674;0,02049921;0,013131611;0,07683695;0,014671732;-0,44938055;0,14547876;1,4358269;0,12635422;0,0
178;5,9175;-0,024311835;-0,045812108;0,03394226;0,08199372;-0,025139524;-0,089073405;0,6222642;0,13324392;0,55762273;0,009970477;0,0017039417;-0,07467619;0,21810862;0,01996788;0,014492033;0,062377676;0,0123208985;-0,4492804;0,14547735;1,4848155;0,14165345;0,0
179;5,9574;-0,043025542;-0,042777207;0,04165419;0,07334808;-0,052574977;-0,089368574;0,62235993;0,13323629;0,55696046;0,010754986;0,002286645;-0,07471152;0,20848145;0,020063818;0,016401943;0,044021457;0,0022403381;-0,45200804;0,14531608;1,4812675;0,13943595;0,0
180;5,9976;-0,034751397;-0,042722438;0,027079573;0,07738393;-0,040802885;-0,08778519;0,6224242;0,1332684;0,55632097;0,01017632;0,0023214957;-0,07479753;0,20188618;0,019794274;0,018718265;0,039934807;-0,0037984399;-0,4580468;0,1383501;1,4914148;0,1355656;0,0
181;6,0375;-0,031192955;-0,12223782;-0,02205981;0,27852684;-0,026880872;-0,09820935;0,62248963;0,13324584;0,55566645;0,008666867;0,0017329678;-0,0742224;;0,011354124;0,017487103;0,051477265;-0,0083870655;-0,4528315;0,13133356;1,4922794;0,14121218;0,0
182;6,0775;-0,023288604;-0,13702431;-0,08322464;0,34099865;-0,012125979;-0,09834829;0,62250924;0,1332544;0,55504155;0,0061015827;0,0010478065;-0,07240023;;-0,0077795023;0,014816479;0,073984;-0,0024163623;-0,45176277;0,1198925;1,4856741;0,17282742;0,0
183;6,1174;-0,017475229;-0,15796264;-0,095780306;0,39559552;;-0,09988058;0,62250394;0,13324878;0,55448544;0,00432271;0,0003152994;-0,07025664;0,17210016;-0,027870003;0,010680144;0,0939516;;-0,46166822;0,108557455;1,505911;0,175263;0,0
184;6,1474;-0,02990779;-0,16753575;-0,09683002;0,41766945;-0,02622014;-0,09771063;0,62253433;0,13325961;0,5540209;0,0043629217;0,00012179626;-0,0693133;0,15662996;-0,041788783;0,008210085;0,09673995;0,014921135;-0,4540331;0,09737641;1,5540459;0,19513486;0,0
185;6,1874;-0,032055683;-0,14789234;-0,113381945;0,36867842;-0,030323695;-0,09405627;0,622587;0,13324618;0,55342555;0,0047934013;0,0008711405;-0,06888471;0,14473227;-0,04692641;0,009936533;0,09503619;0,021038128;-0,44056317;0,09743198;1,5797781;0,20100506;0,0
186;6,2174;-0,008304113;-0,16120592;-0,076759465;0,39236605;0,0075334534;-0,09842818;0,62263286;0,13327755;0,5529516;0,0051456196;0,0015354636;;0,13492674;-0,051243614;0,0101018865;0,080690674;0,031370778;-0,43758348;0,07981658;1,6170758;0,22942238;0,0
187;6,2474;-0,023776177;-0,15129372;-0,054892648;0,368769;-0,023831282;-0,095114104;0,6226641;0,13327765;0,55251056;0,0051771756;0,0021413083;-0,06682909;0,12295165;-0,054589007;0,009100645;0,07376749;0,03779985;-0,43360537;0,073247544;1,6359557;0,24122234;0,0
188;6,2774;-0,027566526;-0,12795532;-0,054813735;0,31877598;-0,033163264;-0,09158305;0,622693;0,1333135;0,5520958;0,005138801;0,003440976;-0,06608743;0,11025574;-0,055367444;0,012240586;0,06062513;0,04898538;-0,43957672;0,08025857;1,6513094;0,23549974;0,0
189;6,3073;-0,013949906;-0,11545913;-0,048261225;0,29760703;-0,005442696;;0,62272394;0,13335785;0,5516268;0,004804986;0,004844406;-0,065994665;0,10270818;-0,052943926;0,014684008;0,063746795;0,052899525;-0,44301552;0,073770225;1,6474547;0,23819679;0,0
190;6,3374;-0,0095635215;-0,114992656;;0,2918778;0,007879647;-0,09274123;0,6227363;0,1334027;0,55120087;0,0045269136;0,0057676844;-0,06617051;0,09648279;-0,050865848;0,014209684;0,08057127;0,05601249;-0,44970647;0,05621557;1,6370693;0,25723696;0,0
191;6,3673;-0,006392331;-0,12147628;-0,036107708;0,29380515;0,014582869;-0,091817655;0,62277436;0,1334288;0,5507462;0,0048240614;0,0066188034;-0,06657583;0,08602671;;0,013810966;0,08743595;0,05861356;-0,4471054;0,056291148;1,6387321;0,25316995;0,0
192;6,3973;;-0,10672244;-0,03753916;0,2627212;0,0055845543;-0,08799345;0,6228145;0,13348581;0,55030084;0,0057072956;0,0072205975;-0,06707477;0,07676219;-0,046210792;0,012711844;0,10114608;0,062375575;-0,45804927;0,03854723;1,599673;0,25939533;0,0
193;6,4273;0,0059898845;-0,08590106;-0,040694803;;0,0350173;-0,08791599;0,62288326;0,13354482;0,54982585;0,0071326387;0,008084882;-0,06806377;0,06322416;-0,041952837;0,013859545;0,0994256;0,06421977;-0,45865604;0,038516246;1,5989914;0,26918173;0,0
194;6,4573;-0,0007073692;-0,099708006;-0,04887182;0,24848846;0,023340909;-0,09040455;0,62294483;0,13362058;0,54933953;0,0082733305;0,00831169;;0,053678084;-0,03704169;0,012453055;0,08794299;0,06631349;-0,4614643;0,03165588;1,6114621;0,26676348;0,0
195;6,4874;-0,0032588176;-0,14643936;-0,077971876;0,35168123;0,025704134;-0,091872826;0,62298775;0,13367793;0,54889107;0,008213184;0,008893991;-0,06934354;0,044066567;-0,037962705;0,012474498;0,076693565;0,06866174;-0,461567;0,031550154;1,6091361;0,2550973;0,0
196;6,5174;0,010408665;-0,14388368;-0,057568014;0,35250103;0,05302232;-0,089114286;0,6230141;0,13375856;0,54845715;0,007337349;0,0093307;-0,06922535;0,0359345;-0,042269655;0,010945566;0,05479412;0,08081448;-0,46166918;0,026777087;1,585828;0,27116695;0,0
197;6,5474;0,017362274;-0,13029078;-0,07920781;0,32569876;0,068083175;-0,09130384;0,6230326;0,13382748;0,5480073;0,005794575;0,00988604;-0,06895914;0,02853935;-0,046991415;0,008569996;0,04569006;0,086144716;-0,45633894;0,019892635;1,5895988;0,26841754;0,0
198;6,5774;0,034606405;-0,15600957;-0,1028023;0,38566753;0,098367944;-0,09086526;0,6230298;0,13391663;0,547551;0,0035466019;0,010711345;-0,06893928;0,020875957;-0,04837182;0,006684438;0,044118434;0,088449985;-0,45403367;0,01976621;1,5868174;0,26667917;0,0
199;6,6175;0,005528236;;-0,08406003;0,30549634;0,044066142;-0,089556836;0,623026;0,1340254;0,54694587;0,0013562115;0,011608554;-0,06873179;0,01266395;-0,05005569;0,0047980654;0,059542995;0,107350916;-0,44493666;0,019419465;1,5791891;0,251699;0,0
200;6,6474;-0,0094484575;-0,1206882;-0,021403927;;0,0096833855;;0,6230955;0,1340971;0,5464823;0,0036751202;0,011947902;-0,0678848;;-0,049150564;0,003045763;0,06975077;0,11377815;-0,4409604;0,019389952;1,55403;0,26150563;0,0
201;6,6774;-0,016483445;-0,09223725;0,0061973995;0,2128318;-0,009099611;-0,08619918;0,6231458;0,13420588;0,5459885;0,0045600166;0,013635347;-0,06788356;0,0055294223;-0,043448154;0,005913579;0,086739995;0,11516159;-0,43957698;0,019433029;1,5549777;0,26209792;0,0
202;6,7074;-0,023148894;-0,064800255;0,010422191;0,15239644;-0,016022965;-0,084660545;0,6232017;0,13432688;0,54550636;0,0068725175;0,014892323;-0,067952335;0,0039863344;-0,03653478;0,009045461;0,088231765;0,116623975;-0,4356636;0,026219418;1,5735592;0,26349902;0,0
203;6,7475;-0,0005096752;;-0,00010238966;0,15032312;0,020175956;-0,0813752;0,62332165;0,13446774;0,5448558;0,008899767;0,016475298;-0,06875623;0,0056323903;-0,024096366;0,013232647;0,07737929;0,11483081;-0,43990776;0,026487008;1,5794462;0,2671784;0,0
204;6,7874;0,0102862995;-0,05613002;-0,02308948;0,1423758;0,046329655;-0,081438705;0,6233964;0,13465835;0,5442124;0,009271607;;-0,069206;0,00811871;-0,017568039;0,015312141;0,05545123;0,103956826;-0,43362486;0,020131867;1,5703521;0,27170697;0,0
205;6,8173;0,021724679;-0,11313145;-0,056467585;0,27647543;0,075044595;-0,089971155;0,623449;0,13479444;0,5437342;0,008106341;0,017475024;-0,06910434;0,007501663;-0,016760377;0,0141956005;0,03877826;0,10588288;-0,44150275;0,013757517;1,5690053;0,265759;0,0
206;6,8473;0,027622363;-0,13612582;;;0,095440865;-0,08712326;0,62345433;0,13490194;0,5433141;0,006142976;0,016890638;-0,06840685;0,003620776;-0,022743814;0,00985919;0,039435126;0,10680969;-0,4430269;0,013858208;1,5712204;0,2671435;0,0
207;6,8774;0,012368489;-0,14400679;-0,06799606;0,34431058;0,067516156;-0,08815504;0,62345296;0,13501792;0,54289716;0,004098047;0,016155522;-0,06780411;0,00012657019;-0,029408032;0,0034844715;0,042460416;0,102975905;-0,44440973;0,014017178;1,5747178;0,26932934;0,0
208;6,9074;0,021513755;-0,12720923;-0,0694003;0,31562537;;-0,0902198;0,62345165;0,13512366;0,5424676;0,0026835713;0,015830172;-0,0672655;-0,0027128214;-0,035645157;0,001032275;0,05164896;0,10396464;-0,44587195;0,014036436;1,5751414;0,26959413;0,0
209;6,9374;0,033902794;-0,13588244;;0,31591138;0,0895941;-0,08652515;0,6234832;0,1352345;0,5419957;0,0020628052;0,015754981;-0,0671281;-0,0046788147;-0,0388209;0,0008223971;0,07558064;0,11065737;-0,4440812;0,009479916;1,5811071;0,25800407;0,0
210;6,9674;-0,00795021;-0,07356464;-0,02595285;0,18139322;0,01402846;-0,078420036;0,6235063;0,1353472;0,54155797;0,0033378128;0,01631289;-0,06771413;-0,0073267026;-0,03470751;0,0036098214;0,086457305;0,09947456;-0,4307542;0,009239428;1,5758164;0,25469735;0,0
211;7,0074;-0,022863831;-0,04199826;0,018930582;0,08863956;-0,01973713;-0,07119727;0,62359786;0,13549715;0,54089206;0,0054743895;0,016742991;-0,06864481;-0,007876374;-0,023045467;0,009115683;0,08097652;0,10429268;-0,42103413;0,013572695;1,5322595;0,23768665;0,0
212;7,0375;-0,022173166;-0,024101;;0,050396208;-0,026395718;-0,06047684;0,6236737;0,13561162;0,54040176;;0,017113065;-0,06897678;-0,0062223333;-0,012202443;0,014102066;0,06779389;0,10397692;-0,4164479;0,019925186;1,5167855;0,22290921;0,0
213;7,0674;-0,0069830893;-0,017788203;0,018711664;;;-0,051271107;0,6237576;0,13570172;0,5399072;0,008838726;0,017496305;-0,06925216;-0,0018548752;-0,0022303737;0,017778812;0,055230238;0,10280439;-0,41762045;0,013051728;1,4962883;0,22031093;0,0
214;7,0974;-0,0115257;-0,030878823;0,013349205;0,06086461;-0,0028952758;-0,04462359;0,6238256;0,13580222;0,5394501;0,008844178;0,017365925;-0,06950956;0,0010297351;0,0052636703;0,017715469;0,038741946;0,097013645;-0,4111563;0,008351077;1,4582335;0,2118453;0,0
215;7,1274;-0,013851462;-0,032758705;0,0041770013;0,07185839;-0,007902985;-0,04263985;0,6238597;0,13591307;0,5389954;0,008336012;0,017269747;-0,069268316;0,0011206748;0,009365519;0,019086014;0,036763012;0,09075003;-0,41006696;0,008289976;1,4323795;0,20079273;0,0
216;7,1674;-0,0051865233;-0,08292888;-0,045336653;0,19794379;0,02830698;-0,042987395;0,6239017;0,13603549;0,5384271;0,0067167263;;-0,06824703;;;0,014698178;0,03397989;0,08556864;-0,41524836;0,008249859;1,4314969;0,20024112;0,0
217;7,2074;0,0065725446;-0,098178305;-0,071946;0,2410565;0,05441792;-0,04527308;0,6239317;0,13615257;0,5378389;0,004177629;0,015633928;-0,067253195;-0,0013117761;-0,0016306036;0,011679515;0,052197278;0,079528995;-0,4090331;0,0083737;1,4015417;0,19683772;0,0
218;7,2374;0,02388811;-0,10992931;-0,035048254;0,2576734;0,06947936;-0,048335668;0,6239516;0,1362389;0,53739595;0,0031711103;0,014747229;-0,06622567;-0,002232729;-0,008749459;0,007781958;0,0651259;0,08965017;-0,37930408;0,008630878;1,3418401;0,19016151;0,0
219;7,2673;0,026717622;-0,099725105;-0,0682621;0,2505099;0,080812946;-0,046449136;0,6239738;0,13633686;0,53698933;0,0033208227;0,014170784;-0,06439526;-0,0029253194;-0,013907318;0,004705617;0,0695936;0,095724836;-0,3756804;0,00882355;1,2807194;0,19281074;0,0
220;7,2973;0,011548264;-0,06845857;;0,17744063;0,045030907;-0,039989755;0,6240132;0,13644332;0,5365525;0,0037879068;0,014222642;-0,06260125;-0,0030836898;-0,016696626;0,0032762017;0,06042367;0,09661293;-0,3502825;0,009153772;1,2798144;0,20756371;0,0
221;7,3273;-0,0121186115;-0,038617224;-0,028720533;0,10431396;0,0063819243;-0,029358417;0,6240659;0,1365513;0,5361143;0,0042293896;0,014693234;-0,061020743;-0,0023381507;-0,014335728;0,0049923253;0,059045814;0,09552226;-0,33176532;0,0092733735;1,2497659;0,19899581;0,0
222;7,3674;0,009702462;-0,081509694;-0,04106903;0,20241392;;-0,024537843;0,6241214;0,13669951;0,5355814;0,004941511;0,01513493;-0,058347903;-0,00054040534;-0,010568757;0,0075215814;0,039986957;0,11786522;-0,26040277;-0,0038690595;0,93612254;0,20211089;0,0
223;7,3974;0,009148219;-0,079468;-0,059975743;0,19813564;0,04148812;-0,02143076;0,62417185;0,13679509;0,53519136;0,0043506487;0,015897706;-0,054091197;-0,003425114;-0,012330698;0,006916376;0,018127644;0,11655113;-0,14897175;-0,014928706;0,66013056;0,20322701;0,0
224;7,4273;0,010930154;-0,0820381;-0,08135669;0,22143695;0,05866413;-0,024860758;0,624177;0,13690253;0,53492147;0,0026095812;0,016811552;-0,046184633;-0,010220704;-0,015589967;0,0060405205;0,016591188;0,102452226;-0,07973732;-0,014959811;0,37349853;0,17726828;0,0
225;7,4573;0,023283236;-0,11104927;-0,07068005;0,27949953;0,082236364;-0,019276723;0,6241784;0,1370095;0,53471935;;0,016827783;-0,036557473;-0,016550783;-0,020561837;0,0027082977;0,028088719;0,09055029;0,097086236;-0,026276628;0,010149497;0,1493173;0,0
226;7,4874;0,011586104;-0,068247065;-0,060731303;0,18294737;0,06445744;-0,00037856193;0,62416357;0,13712946;0,53465235;;0,016316885;;;-0,029524446;-0,00022348645;0,036073122;0,09555342;0,14130506;-0,04420771;0,0078225;0,1325443;0,0
227;7,5174;-0,015391628;-0,02354432;0,0009778485;0,06721461;-0,006755502;0,024748871;0,62419677;0,13722995;0,5346514;0,0005250516;0,016376887;-0,009438405;-0,033016447;-0,03161793;0,0008076113;0,05634398;0,07604176;0,19287182;-0,051209196;-0,39130816;0,08222978;0,0
228;7,5574;-0,024536509;-0,0010346159;0,010504921;0,008393797;-0,018628385;0,0625484;0,6242239;0,13738745;0,53481483;0,0029680852;0,015469198;0,004993042;-0,043617085;-0,031158425;0,0010582577;0,040849112;0,09536501;0,31268528;-0,069360785;-0,5863947;0,026681408;0,0
229;7,5874;-0,0285174;0,0011218658;0,030602226;0,0056916275;-0,036381785;0,09712785;0,62427115;0,13748811;0,5349613;;;0,016947646;-0,0523069;-0,03294981;0,0045387056;0,02779845;0,09169667;0,33107576;-0,0828959;-0,7697881;0,009078511;0,0
230;7,6175;-0,020383993;0,026576992;0,0057888934;-0,035193767;-0,013208495;0,1376481;0,62427115;0,13760288;0,53527397;0,0053040357;0,01649653;0,027703999;-0,061858952;-0,0339689;0,006429263;0,01069508;0,081369735;0,35751352;-0,08753252;-0,8146044;-0,008719261;0,0
231;7,6574;-0,010653983;0,012841469;0,035772;-0,008443514;-0,005966165;0,12650204;0,62426364;0,13776836;0,5357161;0,0047593922;0,016423242;0,03906848;;-0,03463634;0,007502364;-0,015959524;0,08592022;0,3767699;-0,10092493;-0,9213289;-0,009041364;0,0
232;7,6974;-0,018284643;0,016163168;0,0062509216;-0,017162852;-0,012885158;0,13106953;0,62425447;0,13791786;0,5361504;0,003528527;0,016187295;0,047494188;-0,08421415;-0,035180178;0,006930877;-0,034309525;0,086812235;0,39726976;-0,10524189;-0,95094234;-0,007124919;0,0
233;7,7374;-0,019360278;0,01881088;0,010811641;-0,019184472;-0,017743122;0,12824352;0,6242204;0,13806054;0,5366899;0,0011859715;0,016436612;0,05412564;-0,096075244;-0,035382837;0,0075748;-0,036512583;0,08370412;0,4015146;-0,10497435;-0,9777364;-0,0034463867;0,0
234;7,7674;-0,012656403;0,023018006;-0,016017387;-0,0370772;0,0010058718;0,12871964;0,62421405;0,13817461;0,5370669;-0,00022973359;0,016224155;0,05814425;-0,1029995;-0,035692137;0,0066022677;-0,03225012;0,07865202;0,40381542;-0,10484575;-0,9749071;-0,0016780609;0,0
235;7,8074;;0,123549476;-0,13468996;-0,3091657;0,10652105;0,14076844;0,6242074;0,13833377;0,5375275;-0,0030283367;0,01577873;0,060513508;-0,10722919;-0,024383307;0,0019621472;-0,008253866;0,07733752;0,40985385;-0,10451398;-0,9676083;0,0028837235;0,0
236;7,8374;-0,0048472784;0,12859854;-0,17714132;-0,33218145;;0,14176115;0,6241603;0,13842459;0,537923;-0,005472107;0,015424703;0,060404833;-0,10704881;0,00029591256;-0,004782094;-0,0034837644;0,069664955;0,41688716;-0,10423419;-0,9859627;0,006730836;0,0
237;7,8874;0,028472414;0,18346938;-0,20430236;-0,48493683;0,16310215;0,14130184;0,6241356;0,13860045;0,53846204;-0,0070264116;0,015180443;0,05986223;-0,1061364;0,023247456;-0,0086659305;-0,0048903534;0,05633741;0,4084616;-0,10407545;-0,98247033;0,008913561;0,0
238;7,9174;0,011136532;0,119658366;-0,15259878;-0,34582216;0,10741907;0,13724202;0,62407863;0,13869058;0,53885674;-0,008003952;0,014140396;0,05887745;-0,10468867;0,040308084;-0,013278066;-0,02914344;0,041729324;0,3914025;-0,088479936;-0,94165665;0,008891046;0,0
239;7,9473;0,0033684964;0,062164225;-0,055514794;-0,16794346;0,04420939;0,13188316;0,6240206;0,1387416;0,5393008;-0,008420476;0,013022274;0,0590767;-0,101355456;0,04084129;-0,011675936;-0,03801191;0,021691635;0,38361973;-0,08633126;-0,91889566;0,0077980645;0,0
240;7,9773;-0,016478704;-0,005126967;;;-0,00865215;0,123338684;0,623952;0,13880345;0,5397778;-0,007818879;0,0112303;0,061049122;-0,09927617;0,022176526;-0,0073816446;-0,053780228;0,003459643;0,36783874;-0,07543114;-0,8915112;0,0044885008;0,0
241;8,0074;-0,03351716;0,008965956;0,0033025786;-0,011403176;-0,04143263;0,12565729;0,6239378;0,1388446;0,5401976;-0,007494187;0,0093276445;0,06217221;-0,09533678;0,004778973;-0,0018744647;-0,053193342;0,0010935799;0,36547267;-0,0755542;-0,8942185;0,0027964523;0,0
242;8,0373;-0,026407367;0,0058283857;0,0022545308;-0,002503738;;0,12616007;0,62391734;0,13884367;0,54057825;-0,0076024863;;0,062429443;-0,09102161;-0,006309677;0,0017212435;-0,048176628;-0,0034882717;0,35353786;-0,0714297;-0,89334875;-0,0017661835;0,0
243;8,0774;-0,014360787;-0,0004052211;-0,0030234475;0,007460883;-0,009837247;0,124594316;0,62385744;0,13884407;0,54113275;-0,007481005;0,005756922;0,062281184;-0,08595247;-0,017159035;;-0,030557392;-0,0048664445;0,35461068;-0,06504556;-0,93263626;-0,0058960184;0,0
244;8,1074;-0,033465147;0,008354859;0,0108870575;-0,008343173;-0,038411383;0,12428015;0,62381166;0,13884014;0,54154104;-0,0068566496;0,0046034674;;-0,0807864;-0,022332223;0,0058746794;-0,032202348;-0,0038755822;0,35315058;-0,06517839;-0,9355585;-0,0077224434;0,0
245;8,1475;-0,026022092;-0,0028058882;0,016147334;0,011621042;-0,027621342;0,12431394;0,6237468;0,13882892;0,5421635;-0,0059642936;0,003536207;0,061655067;-0,075077176;-0,027669411;0,0068251784;-0,027032223;0,000372187;0,35494736;-0,054142743;-0,9623822;-0,00916862;0,0
246;8,1774;-0,024947364;-0,013022771;0,028278485;0,027700309;-0,02941609;0,12137758;0,623714;0,13883007;0,54258406;-0,00535576;0,0031690008;;-0,07147664;-0,030217888;;-0,045533314;0,0063466937;0,35111794;-0,047398347;-0,9937441;-0,008344935;0,0
247;8,2173;-0,038472474;0,0024888576;0,010175483;0,0024394558;-0,04745017;0,121696815;0,62367177;0,13883744;0,5431323;-0,004913289;0,0030832922;0,06160417;-0,05956774;-0,034397073;0,008395083;-0,06476217;0,011769303;0,3467366;-0,04718838;-0,9646149;-0,0054578697;0,0
248;8,2473;-0,009447945;0,008640882;0,024940496;-0,005352721;-0,0044743237;0,1184187;0,62362146;0,13886926;0,543524;-0,0059014997;0,0034820004;0,061245937;-0,053907935;-0,035647485;0,00938625;-0,071666665;0,0132920435;0,3409064;-0,04038863;-0,95390934;-0,00387308;0,0
249;8,2773;-0,035137;;-0,0020606448;-0,016583381;-0,04130392;0,118793495;0,6235717;0,13892098;0,5439197;-0,0068444703;0,0036674328;0,06074047;-0,0478914;-0,036635432;0,009151052;-0,07825761;0,014670401;0,33738282;-0,040061478;-0,94671196;0,0006252754;0,0
250;8,3174;-0,03280873;0,025781464;-0,0023565507;;-0,03910985;0,120268755;0,6234857;0,13895117;0,54447216;;0,004455292;0,059712224;-0,041121762;-0,035949457;0,0120122535;-0,06391186;0,012312886;0,32277042;-0,035289347;-0,89891464;0,0049675675;0,0
251;8,3574;-0,03815345;-0,0043116477;-0,010295581;0,016592726;-0,04916887;0,1231439;0,62337893;0,13899636;0,5450256;-0,0091625145;0,0043639606;0,059117552;-0,036773916;-0,037134178;0,0105112335;-0,03833347;0,0071290904;0,32003757;-0,035063203;-0,8939395;0,008077036;0,0
252;8,3974;-0,029394802;0,005898391;0,0047351513;-0,0024657685;-0,032003094;0,12020069;0,62335896;0,1389975;0,5454745;-0,008241165;0,004404555;0,05790092;-0,030463513;-0,038843367;0,01221909;-0,019751318;0,0010886781;0,31399718;-0,028297693;-0,87581724;0,009191041;0,0
253;8,4274;-0,009669302;0,026531184;;-0,036690343;;0,12102554;0,62331426;0,13907567;0,5458589;-0,0069293315;0,004014677;0,0570095;-0,025858767;-0,038694985;0,012235669;-0,016593562;-0,0019654096;0,3109431;-0,028328873;-0,87650317;0,008762306;0,0
254;8,4573;-0,02112154;0,01055213;-0,0012870731;-0,0069919266;-0,018891988;0,121363916;0,62329805;0,13905047;0,546238;-0,0056410274;0,0034218011;0,05620353;-0,021604354;-0,038620226;0,011665337;-0,028106002;-0,0047669336;0,30814156;-0,02850502;-0,8803784;0,006340296;0,0
255;8,4874;-0,020554636;-0,006846773;0,034048006;0,01788913;-0,021741297;0,11942468;0,62328905;0,13905913;0,5465943;-0,0048211142;0,002561964;0,0554323;-0,018669687;-0,038279336;0,009771239;-0,031236133;-0,0048655337;0,30559197;-0,028611438;-0,8582098;0,004877039;0,0
256;8,5173;-0,009287073;0,0049737827;0,005453338;0,004258908;-0,001833577;0,12204852;0,62325144;0,13906066;0,5469624;-0,0043614306;0,0020443725;0,054919906;-0,016590377;-0,03899631;;-0,048173707;-0,0025124298;0,30794507;-0,028927548;-0,8651642;0,0005305256;0,0
257;8,5473;-0,021090863;0,019669253;-0,005556804;-0,025955187;-0,019651132;0,1232618;0,62322825;0,1390538;0,54732144;-0,0048350547;0,0021400743;0,054560028;-0,015407172;-0,039719854;0,010707974;-0,05726478;0,00037024418;0,31327873;-0,03581205;-0,8613945;-0,0022196332;0,0
258;8,5773;;-0,013424011;0,028551653;0,029106537;;;0,62320423;0,13908018;0,547641;-0,005587889;0,0021106582;0,054221246;-0,016184745;-0,03832658;0,010426411;-0,05230262;0,00634574;0,31925425;-0,03610458;-0,86783016;-0,006241897;0,0
259;8,6074;-0,016228708;;0,0005255573;0,008979988;-0,01221105;0,12041489;0,62317854;0,13907571;0,5479899;-0,0061111897;0,0021094838;0,05457815;;-0,039245527;0,008899818;-0,050067127;0,008710557;0,326521;-0,03619338;-0,8697837;-0,007462861;0,0
260;8,6374;-0,009824875;;0,0012548575;0,0005526013;-0,003531121;;0,6231305;0,13910724;0,5483768;-0,0062840357;0,0024301328;0,055087835;-0,019076431;-0,03939953;0,008832473;-0,026606705;0,013295133;0,3311056;-0,029629748;-0,8561028;-0,009124714;0,0
261;8,6773;-0,022250453;0,008041324;0,026591133;-0,0025412429;-0,029200532;0,11926804;0,6231015;0,13914263;0,54885775;-0,0057837456;0,0029037748;0,055734836;-0,017285004;-0,038744867;0,007862669;-0,006369561;0,014670024;0,3275785;-0,02958625;-0,8551459;-0,008526618;0,0
262;8,7174;-0,020198224;-0,019180436;0,030692931;0,036562152;-0,025418375;0,121742524;0,62305963;0,13915266;0,5494108;;0,003343697;0,056406643;-0,015718788;-0,04011457;0,00790549;-0,006571782;0,012311363;0,3325728;-0,036073767;-0,8426425;-0,0058182105;0,0
263;8,7475;-0,032522373;-0,0009336906;0,0025286917;0,007699012;-0,042380497;0,12236818;0,623052;0,13916898;0,5497979;-0,0027182598;0,0035837628;0,05703146;-0,017118601;;0,008270093;-0,018435614;0,007122871;0,33228627;-0,029087653;-0,84417677;-0,0016709248;0,0
264;8,7974;0,005462065;0,007934059;0,015242743;-0,0049683712;0,02248563;0,11995193;0,6230269;0,13921939;0,5504306;-0,0024513805;0,003542391;0,057449237;-0,016089654;-0,04141707;0,008829005;-0,047338367;0,0010824652;0,33114782;-0,03544026;-0,8532151;0,0028925266;0,0
265;8,8374;-0,023828246;0,007852261;0,0037282358;-0,00028302096;-0,024648163;0,12169029;0,6229697;0,13922949;0,5509744;-0,0036923513;0,0031717154;0,057513222;-0,017052464;;0,009130951;-0,05861197;-0,013297147;0,32657212;-0,03516077;-0,8470663;0,0067355204;0,0
266;8,8674;-0,04091379;0,0037414166;0,0061449567;0,0017858333;-0,052858565;0,12516381;0,6229504;0,13923135;0,55132717;-0,0049427464;0,002283959;0,057197295;-0,017793465;-0,03987993;0,008108994;-0,05692861;-0,01457098;0,3252983;-0,03504786;-0,8445823;0,008288024;0,0
267;8,8974;-0,015584031;0,010153239;0,012335716;-0,0078022345;-0,014456893;0,11963681;0,62291056;0,13922366;0,55170417;-0,005812674;0,0016795762;0,056946285;-0,018422564;-0,03943387;0,009390885;-0,039805576;-0,013675932;0,33844826;-0,028298724;-0,8513301;0,009176855;0,0
268;8,9274;-0,022283746;0,0030068723;0,0056228423;0,007378956;-0,022526119;0,12014936;0,622867;0,13925073;0,5520947;-0,006057911;0,0010391978;0,057182983;-0,016923612;-0,0392484;0,009089545;-0,031301267;-0,012315161;0,34226;-0,035004053;-0,86812836;0,008890349;0,0
269;8,9574;-0,026352704;0,0020203423;0,0036521975;0,0047890604;-0,03144826;;0,62284553;0,13919252;0,5524999;-0,0057176747;0,00048402554;0,057638053;-0,016721293;-0,038891025;0,0080073895;-0,008037679;-0,007125399;0,3572537;-0,039622184;-0,8635181;0,0066655595;0,0
270;8,9874;-0,023501545;0,004995365;0,021757988;0,0007388386;-0,027871639;0,12089361;0,62282467;0,13921422;0,5528993;-0,0045594317;0,00034034674;0,058602758;-0,018784018;-0,039017353;0,00782827;-0,003407972;-0,005907072;0,36337397;-0,039780688;-0,86700517;0,004486151;0,0
271;9,0174;-0,021551047;0,009769792;-0,008080755;-0,0068903747;-0,026736476;0,12146745;0,62282;0,13922624;0,5533125;-0,003259842;0,0006018535;0,059638303;-0,021014648;-0,038498502;0,00907945;-0,011864726;0,0019680788;0,37124914;-0,04010216;-0,8413979;;0,0
272;9,0474;-0,020699518;0,008142643;-0,00011544302;-0,006455262;-0,0189882;0,1255305;0,62279785;0,13922997;0,55376315;-0,0027209956;0,0010369305;0,0609372;-0,022867342;-0,039445754;;-0,017196907;0,003490575;0,3776736;-0,035779312;-0,86067426;-0,0017694616;0,0
273;9,0774;-0,032184154;-0,0017266553;-0,0031183206;0,012102512;-0,038686104;0,12416223;0,6227909;0,13924825;0,5541522;-0,002510307;0,001484677;0,062059805;-0,022890797;-0,039238073;0,009684955;-0,038074035;0,004866338;0,39375523;-0,040535804;-0,88361776;-0,0058967383;0,0
274;9,1074;-0,02743579;-0,008009171;0,002584824;0,024065135;-0,032729924;0,12472969;0,62277466;0,13926888;0,5545669;-0,0030021418;0,0018353142;0,06363977;-0,02378301;-0,039932843;0,0095555885;-0,042973187;0,0038728833;0,39521274;-0,03398427;-0,87020296;-0,0077249054;0,0
275;9,1474;-0,013592167;0,0054851687;0,011240893;0,00040109872;-0,011380725;0,12509626;0,6227482;0,13929676;0,5551271;;0,0020603142;0,06529167;-0,023166837;;0,008457875;-0,039956577;-0,00037661154;0,39096326;-0,034089286;-0,84800357;-0,009168881;0,0
276;9,1773;-0,029285386;-0,0056856675;0,0051375204;0,020507354;-0,03363268;0,12297247;0,62272704;0,13929394;0,5555554;-0,004559673;0,0022352429;0,06600283;-0,021874946;-0,039867435;0,009339933;-0,024717545;-0,006349969;0,3972448;-0,03402929;-0,8221738;-0,008343894;0,0
277;9,2073;-0,02250483;0,011676236;0,028602805;-0,014777326;-0,02734231;0,12147905;0,62271416;0,13930565;0,5559697;-0,004321866;0,002061558;0,066883504;-0,02108443;-0,04080865;0,00977911;-0,016396526;-0,008715178;0,40223253;-0,033961106;-0,8206737;-0,00740636;0,0
278;9,2474;-0,017707342;0,0046572397;0,01568258;-0,002922839;-0,018662695;;0,6226763;0,13929696;0,5565896;-0,003551042;0,0015470833;;-0,019911142;-0,039330956;0,009260822;0,007966108;-0,025552288;0,39765033;-0,03370363;-0,81500924;-0,0038660495;0,0
279;9,2873;-0,015476721;-0,00192308;0,0024773364;;-0,014429693;0,12345502;0,62265253;0,13930285;0,5572506;-0,0020316285;;0,06828256;-0,01941572;-0,039488666;0,008838527;0,017797202;-0,02447373;0,3962779;-0,033376608;-0,8078148;0,0006304634;0,0
280;9,3175;-0,028238872;-0,0022160043;0,021210851;0,008104344;-0,036055554;0,122242026;0,6226465;0,13928126;0,5575653;-0,0005204942;-0,00041370082;0,06847347;-0,018791465;-0,039483707;0,008151415;0,0050855754;-0,034371097;0,40108642;-0,028604811;-0,8090444;0,004968159;0,0
281;9,3574;-0,026020497;-0,0061635207;-0,00599131;0,020575648;-0,02681695;0,12550084;0,62266195;0,13928372;0,55835164;0,00070096046;-0,0015442884;0,06901222;;-0,0406587;0,008128509;-0,012340091;-0,031633064;0,3989225;-0,039519377;-0,779557;0,008079177;0,0
282;9,3975;-0,02219943;0,009255834;;;-0,025499597;0,12221645;0,6226865;0,13927563;0,55892575;;-0,0023725925;0,069293134;-0,018071992;-0,04082042;0,008379018;-0,030906843;-0,025595266;0,40986225;-0,039438512;-0,81045777;0,009191026;0,0
283;9,4374;-0,025866449;-0,0015977491;-0,0028880078;0,00871148;-0,031024678;0,12469692;0,6226478;0,13928612;0,5595651;-0,00059259287;-0,0026387463;0,06964326;-0,020967709;-0,04047145;0,00832528;-0,024814483;-0,028369533;0,41198996;-0,039523013;-0,8123168;0,008029153;0,0
284;9,4673;-0,018983107;0,008686999;0,009117156;-0,012938849;-0,018098736;;0,6226491;0,13927662;0,56002957;-0,0015368928;-0,0025653278;0,07023656;-0,022486517;-0,04106231;0,0091908565;-0,011101314;-0,02709535;0,40836218;-0,032961458;-0,7986815;0,006338776;0,0
285;9,4974;0,0053318767;0,0019784158;-0,003033236;0,0051906034;0,023063378;0,12378688;0,62263095;0,13929258;0,5605126;-0,0013472446;;0,07047317;-0,0215503;-0,04037551;0,009106755;-0,003088121;-0,026996948;0,41336253;-0,033067625;-0,80101717;0,004878988;0,0
286;9,5274;-0,00053671456;0,006759949;0,0014058652;;0,012473634;;0,6226096;0,13929357;0,56100893;-0,0010677963;-0,0030873935;0,07068566;-0,02007398;-0,039768416;0,0069401395;0,015510798;-0,03180536;0,41590706;-0,033384215;-0,83249193;0,00052587746;0,0
287;9,5574;;;0,003264573;0,009170377;-0,029984934;0,12373198;0,62259436;0,13928324;0,5615228;-0,00023728091;-0,003364749;0,071142405;-0,01918642;-0,04011581;0,0063004885;0,03594728;-0,049248364;0,40336603;-0,04039493;-0,7988192;-0,003959692;0,0
288;9,5874;-0,0028070768;0,0026337318;-0,008616194;0,0036195214;0,009429927;;0,622587;0,13930139;0,5620124;0,0012611157;-0,0040953886;0,07121232;-0,020581145;-0,04092629;0,006484815;0,03268453;-0,057822138;0,3996942;-0,040561143;-0,80247587;-0,02156376;0,0
289;9,6274;-0,009606776;-0,0046727876;-0,00038308726;0,019578865;-0,006660934;0,12276201;0,6226134;0,13925812;0,5626407;0,0028696707;-0,0054364856;;-0,023021674;-0,040589184;0,00631078;0,030255917;-0,08040469;0,38201362;-0,034056824;-0,7982697;-0,024041116;0,0
290;9,6575;-0,015826663;;0,007263037;0,024361406;-0,013198734;0,12510936;0,6226324;0,13924779;0,56311613;0,0035984654;-0,0070269825;0,070007965;-0,022614753;-0,041448604;0,0057316804;0,03638152;-0,08192695;0,3755894;-0,029629802;-0,7825746;-0,034656517;0,0
291;9,6874;-0,008129488;0,037801802;-0,039938077;-0,109068595;0,01122596;0,129186;0,62266695;0,13921979;0,5635341;0,0043138084;-0,008592445;0,06898703;-0,020050542;-0,041803498;0,0047860355;0,019439556;-0,08819934;0,3815719;-0,022901734;-0,773446;-0,0595884;0,0
292;9,7173;;0,29321274;-0,3065562;-0,79577845;0,1073736;0,15819652;0,6227001;0,13918635;0,5638935;0,002579819;-0,009501952;0,065125756;-0,0118485335;-0,016196059;;0,018011961;-0,09319255;0,3888336;-0,029389199;-0,77728134;-0,061985474;0,0
293;9,7575;0,011484477;0,5575708;-0,7594582;-1,0;0,20463613;0,18920083;0,6226444;0,13915586;0,5641186;-0,0057935314;-0,009280114;0,05261704;0,006080162;0,085134655;-0,0028874709;0,033166125;-0,097801924;0,3989301;-0,022402763;-0,76246864;-0,05783376;0,0
294;9,7974;-0,06461169;0,5349472;-0,81928504;-1,0;0,014756143;0,18485095;0,6223983;0,1391191;0,56440294;-0,016387295;-0,007873808;;0,024378192;0,1906793;-0,0036232537;0,05387887;-0,094218306;0,40006274;-0,022071196;-0,72249436;-0,05327468;0,0
295;9,8374;-0,117098354;0,33569294;-0,56078076;-1,0;-0,21340065;0,1588005;0,6221333;0,13909554;0,56477654;-0,021017723;-0,0054854862;0,035557486;0,032512706;0,23396662;0,013236528;0,06514891;-0,09454487;0,3972852;-0,015107212;-0,6836658;-0,049431674;0,0
296;9,8774;-0,12318255;0,11402923;-0,23615488;-0,3984924;-0,30736995;0,0795046;0,62203485;0,13909525;0,5651618;-0,018210804;-0,0029283946;;0,028675854;0,21480878;0,04514108;0,05880082;-0,09072264;0,38640153;-0,02163319;-0,6638387;-0,047252107;0,0
297;9,9074;;-0,07418354;0,032578;0,12410434;0,007726767;0,024238309;0,62200046;0,13899426;0,5656102;-0,011950884;-0,004558603;0,04551349;0,017406244;0,15800394;0,044437233;0,04797213;-0,08681472;0,36825064;-0,0149297435;-0,622572;-0,046991486;0,0
298;9,9374;-0,029096907;-0,0312034;0,0019606308;0,038656972;-0,043707144;;0,6220097;0,13892469;0,5660414;-0,0063056652;-0,007320417;0,052087776;0,0062247748;0,098802686;0,030484915;0,02729653;-0,073912114;0,34683952;-0,010574194;-0,641129;-0,033058558;0,0
299;9,9774;-0,0035513404;-0,05402711;0,009678764;0,08631014;0,011709772;-0,030583978;0,6219882;0,13878556;0,5666656;-0,0019116539;-0,009178717;0,056465838;-0,004459156;0,048815712;0,019441353;0,016475784;-0,070084214;0,34821644;-0,021955898;-0,67093825;-0,026158314;0,0
300;10,007;-0,03086863;-0,046397485;0,02360034;0,07270448;-0,046041813;-0,039302263;0,6219777;0,13872784;0,56709963;-0,00042239626;-0,009858637;0,05866293;-0,013786369;0,020634966;;0,017078139;-0,057740837;0,35565785;-0,022078875;-0,67364377;-0,027849248;0,0
301;10,038;0,00951319;-0,03318195;0,016104352;0,04800355;;-0,03542692;0,6219951;0,1386416;0,5674952;0,00066828734;-0,009719984;0,060510322;-0,022272302;0,00019807214;0,009558253;0,03029589;-0,054965593;0,3584331;-0,029095279;-0,6972857;-0,03241303;0,0
302;10,078;-0,020202715;-0,04503744;0,011515696;0,071790315;-0,025990998;-0,024304284;0,62200105;0,13860956;0,5680517;0,0022292554;-0,009250316;0,062297963;-0,03219253;-0,017366087;0,0062103225;0,051179573;-0,041630134;0,36196464;-0,02939543;-0,70388895;-0,021221459;0,0
303;10,117;-0,016452514;-0,030296275;0,0026395835;0,051592696;-0,014306498;0,006618355;0,6220403;0,13851707;0,5685869;0,0040267706;-0,00856577;0,06346493;-0,038325135;-0,028462445;0,00370681;0,06455964;-0,029464161;0,3643267;-0,034045484;-0,6918111;-0,023885204;0,0
304;10,158;-0,019328343;0,10262108;-0,12113991;-0,29167438;-0,00642252;0,06280118;0,6221336;0,13849278;0,5691362;0,00578414;-0,007291755;0,06396021;-0,039521933;-0,033407852;0,0027852547;0,057478618;-0,016919812;0,36706713;-0,0340851;-0,7171925;-0,009111303;0,0
305;10,187;0,01718185;0,23002966;-0,34861806;-0,6543646;0,12050559;0,10376801;0,62217903;0,13850425;0,56933725;0,0035564038;-0,0054330234;0,05986054;-0,03262968;0,00027864118;0,0009545997;0,045935757;-0,008348604;0,3682854;-0,03402912;-0,71596086;-0,008341568;0,0
306;10,217;0,06778364;;-0,8784391;-1,0;0,39923277;0,18645744;0,62212324;0,13856325;0,56953776;-0,0040680617;-0,0030462323;0,049919926;-0,016111279;0,08207818;-0,008537801;0,037602574;-0,0059812656;0,3632998;-0,033960775;-0,6899475;-0,0074018063;0,0
307;10,247;0,08227577;0,7617339;-1,0;-1,0;0,5020774;0,21474972;0,6219647;0,13862808;0,56954765;-0,015386695;-0,00087534706;0,036743686;0,005957219;0,18997802;-0,026329312;0,016533937;-0,0014064068;0,34091386;-0,0292471;-0,6516061;-0,0038632937;0,0
308;10,277;-0,0038671282;0,5272101;-0,9875905;-1,0;0,23117997;0,18689182;0,62165254;0,13868271;0,5696853;-0,026477158;0,001915254;0,024202228;0,025121871;0,28535998;-0,035624593;0,00834789;0,0024146412;0,34228393;-0,03337644;-0,65258235;0,0006327814;0,0
309;10,307;-0,06872172;0,15590721;-0,4179349;-0,5786946;-0,09887837;;0,6213529;0,1387168;0,5699574;-0,030271009;0,004806238;0,023081658;0,027366828;0,28894225;-0,023082968;0,014771453;0,0014195824;0,34373984;-0,03318058;-0,697293;0,0033258586;0,0
310;10,337;-0,054559153;;-0,0068658353;0,045676652;-0,09981296;0,10816203;0,62127304;0,13873596;0,57029694;-0,025369879;0,006473135;0,030383734;0,017616967;0,22638144;0,0008490925;0,039808758;-0,0028331457;0,30272242;-0,028453788;-0,6259833;0,0070447344;0,0
311;10,367;0,008764823;-0,038646225;0,0009312372;0,052731358;0,04675525;0,07560997;0,6212696;0,13868983;0,57069033;-0,0170443;0,0048693754;0,03802218;0,0074158395;0,15087864;0,0019446067;0,048299193;-0,005134968;0,29551864;-0,028378466;-0,6243263;0,008080398;0,0
312;10,397;-0,051589828;-0,015391034;-0,0071492144;;-0,08396433;0,056302432;0,62124646;0,13867798;0,57104045;-0,010686922;0,0037968266;0,04255092;-0,0016133018;0,0965462;0,003413395;0,06359184;-0,011173148;0,28457847;-0,021613203;-0,63888913;0,009191008;0,0
313;10,427;-0,0062222546;-0,035515223;-0,00036970098;0,054285802;0,012249282;;0,6212448;0,13861957;0,5714022;-0,0053816466;0,0028508268;0,045197893;-0,007168916;0,05855575;0,0049917786;0,06510037;-0,014227963;0,28397465;-0,021644559;-0,6640888;0,008759874;0,0
314;10,457;-0,02146694;-0,017215054;-0,014532343;;-0,029202463;0,04574967;0,6212501;0,13859364;0,5717495;-0,0012008995;0,0017657623;0,047116823;-0,010925473;0,029646633;0,005104092;0,053564623;-0,01702342;0,24931645;-0,021820907;-0,6189488;0,0063350806;0,0
315;10,487;-0,012365361;-0,013551;-0,008992012;0,024479657;-0,000607883;0,046956453;0,62125534;0,13857163;0,57211643;;0,0007383387;0,047225956;;0,009115458;0,004179326;0,04556419;-0,01712051;0,22470956;-0,021926906;-0,62128085;0,004877583;0,0
316;10,517;-0,023763238;-0,025232846;-0,0043353434;0,03912587;-0,027211938;0,048874486;0,6212809;0,13854593;0,5724034;0,002930017;0,00028763988;0,046002824;-0,015722737;-0,0058112266;0,005877742;0,025323411;-0,01475953;0,18050191;-0,017787376;-0,554721;0,00052160316;0,0
317;10,558;-0,02834558;-0,038353108;-0,012767017;;-0,03988702;0,05925527;0,6213107;0,13853802;0,5727142;0,0032115655;-0,00055213267;0,04283955;-0,015649203;-0,022948986;0,0037135647;0,01634016;-0,009567826;0,10481126;-0,01811366;-0,50470966;-0,003964792;0,0
318;10,597;-0,0114254905;-0,02810872;0,010260092;0,0442016;0,0010717853;0,0843336;0,6214047;0,13852426;0,5729173;0,0028998596;-0,00062844885;0,037142236;-0,013481088;-0,030726338;0,0042012995;0,025143396;-0,0035281738;0,04222346;0,010597508;-0,3959398;-0,0074705393;0,0
319;10,627;-0,018670795;-0,03329908;-0,010553202;0,058847476;-0,023015965;0,09728817;0,6214345;0,13856365;0,5730474;0,0029162955;-0,00027419563;0,030568585;-0,0029707449;-0,033648796;0,0054624295;0,03674506;0,011778792;-0,04295977;0,02164724;-0,34075418;-0,008723003;0,0
320;10,657;0,008013903;-0,006327571;-0,006213404;;0,030285403;0,10581491;0,6215009;0,13859096;0,5730757;0,0032774494;0,00026469585;0,022228464;0,012275244;-0,035690825;0,004369113;0,056861322;0,046435963;-0,06467515;0,03944959;-0,19420049;-0,009038703;0,0
321;10,687;-0,026242062;-0,022031885;0,016132923;0,036596857;-0,033253726;0,11059564;0,62155217;0,13859223;0,5731215;0,0044056214;0,0019608394;0,013894305;0,030324144;-0,032929603;0,003979559;0,062271576;0,05878698;-0,06457903;0,043943327;-0,1606978;-0,008524365;0,0
322;10,717;-0,025581473;-0,03705392;0,006574258;0,065584265;-0,029438134;0,10556027;0,62159026;0,13864067;0,5731726;0,0058661466;0,003990128;0,007715967;0,046658613;-0,03091485;0,0030450977;0,06367963;0,049070902;-0,21155001;0,068650275;-0,09100116;-0,005813632;0,0
323;10,747;-0,027010208;-0,029824128;0,017894369;0,04604746;-0,029877424;0,07939857;0,6216143;0,13867947;0,5731862;0,0068771564;0,005684615;-0,0015585028;0,06533664;-0,028551877;0,0050460724;0,05609316;0,05109097;-0,23894171;0,093332745;-0,08720249;-0,0034394648;0,0
324;10,777;-0,029464033;-0,049718045;-0,0065173246;0,092345454;-0,036780033;0,024459526;0,62165624;0,13869578;0,5730795;0,007259876;0,006532432;-0,011189938;0,08621356;-0,026928015;0,004055917;0,035752784;0,094126746;-0,33070984;0,10480353;0,058945693;0,03173485;0,0
325;10,807;-0,030576471;-0,035704326;-0,067163035;0,053870175;-0,04244348;;0,6216926;0,13874277;0,57288593;0,0063828;0,009047051;-0,021622442;0,10336741;-0,023763087;0,0066648684;0,027820371;0,08686533;-0,35022616;0,11607497;0,11083899;0,053955738;0,0
326;10,837;-0,011282867;;-0,085721664;0,14788207;;-0,10714875;0,62166286;0,13881685;0,5726386;0,004274853;0,011155189;-0,031021172;0,11583356;-0,019932361;0,007278242;0,016547771;0,07983597;-0,39156926;0,12972367;0,29673108;0,08843895;0,0
327;10,877;0,026526432;-0,14066032;-0,055066317;;0,095377445;-0,09892126;0,6216227;0,13888322;0,5723381;0,0013172489;0,011974501;-0,039889645;0,12798423;-0,02762476;0,0021074787;0,022923896;0,085821606;-0,43460324;0,1298821;0,37374613;0,10082989;0,0
328;10,917;;-0,0993287;-0,0190887;0,20614745;-0,0019285345;-0,098218635;0,62160105;0,13896936;0,5718986;0,00015539608;0,012267292;-0,04862136;0,13935286;-0,030988077;-0,0024362293;0,042275935;0,08573301;-0,4493977;0,14102072;0,52892625;0,11101192;0,0
329;10,947;-0,024665836;-0,06517877;;0,11163944;-0,0220953;-0,09504169;0,6216236;0,1390582;0,5715116;0,001190529;0,013080231;-0,054625444;0,1486903;-0,025011113;0,0009309436;0,054396022;0,091066904;-0,4587697;0,14762552;0,543513;0,109916225;0,0
330;10,977;-0,04792402;-0,058333844;0,034510948;0,09552996;-0,06212164;-0,09448115;0,6216905;0,13913873;0,5710746;;0,0139890155;-0,06004123;0,15923569;-0,0149118;0,0054251608;0,065224156;0,08969364;-0,4674959;0,15406898;0,6770993;0,111708276;0,0
331;11,007;-0,043069594;-0,039317258;0,03646844;0,060251385;-0,052614305;-0,0945328;0,62176573;0,13922858;0,5706158;0,0052691954;0,014916739;-0,06424601;0,1693464;-0,008428043;0,010133063;0,06461834;0,08470471;-0,46022993;0,15840223;0,69073147;0,110016;0,0
332;11,057;-0,033386577;-0,053234674;0,044688713;;-0,0356781;-0,091878936;0,6218749;0,1393873;0,5698226;0,007657398;0,015479202;-0,06889696;0,1831755;-0,0005618646;0,014119569;0,045350283;0,068494275;-0,46418548;0,15788133;0,82633066;0,11306615;0,0
333;11,087;-0,016987093;-0,0445889;0,046687253;0,06521393;-0,010345708;-0,091072954;0,6219374;0,139484;0,5693379;0,008102632;0,01489193;-0,07069861;;0,0029455984;0,014584617;0,038682345;0,06123778;-0,46163803;0,15331392;0,84022653;0,11153864;0,0
334;11,127;-0,019147752;-0,05752008;0,038812913;0,0832957;-0,016385963;-0,09169742;0,621982;0,13956371;0,5687094;0,0077142413;0,013608653;-0,072443455;0,19390227;0,006441577;0,014245012;0,025309507;0,041718964;-0,45664704;0,1464358;0,84413654;0,09355757;0,0
335;11,167;-0,0312677;-0,06256977;0,034797415;0,096825816;-0,03804988;-0,08842073;0,6220362;0,13966545;0,56806755;0,006870912;0,011856533;-0,07335225;0,19355822;0,008974768;0,013997225;0,025858788;0,00711395;-0,45448735;0,1463962;0,9658144;0,06748203;0,0
336;11,207;;-0,04898537;0,041945525;;-0,013698374;-0,08968406;0,62210554;0,13969424;0,5673807;0,006165788;0,009130402;-0,0736313;0,1925768;0,009570986;;0,050640054;-0,0038245902;-0,46052393;0,14652058;0,9930606;0,07429847;0,0
337;11,237;-0,015543662;-0,04848147;0,028616983;0,07823172;-0,014019429;-0,086385965;0,62214893;0,13972259;0,56689817;0,0066257883;0,006625981;-0,07409677;0,19229431;0,010845988;0,01093955;0,06845129;-0,008401351;-0,46019873;0,1423219;1,0395784;0,07784112;0,0
338;11,277;-0,025137026;-0,04944432;0,034003407;0,07867563;-0,02692728;-0,08395905;0,6222324;0,139706;0,5662505;0,007904384;0,004008178;-0,07456005;0,19092007;0,011633541;0,010098375;0,071715236;-0,009767125;-0,45421156;0,13596432;1,0549403;0,067017466;0,0
339;11,317;0,004034385;-0,05697242;0,025231585;0,090349436;0,023237532;-0,085056275;0,6223332;0,13970232;0,565589;0,0094254725;0,0020837595;-0,07457336;0,18663561;0,0125322845;0,0094322795;0,057319943;-0,007398475;-0,44449;0,14296465;1,0782287;0,07136027;0,0
340;11,347;-0,01383384;-0,05929455;0,042030066;0,10190086;-0,006430391;-0,086074404;0,62240875;0,13969104;0,56508315;0,009766612;0,0009119618;-0,07411773;0,18581384;0,012283531;0,0074695298;0,04515207;-0,004518147;-0,44160965;0,14311491;1,0815344;0,07342635;0,0
341;11,377;-0,024131102;-0,06475226;0,026116436;;-0,024648244;-0,083295316;0,62247884;0,13966599;0,5645757;0,009453996;0,00024824057;-0,07364731;0,18615825;0,01249834;0,006339511;0,029164474;0,001464076;-0,43562743;0,14325838;1,0846908;0,07539905;0,0
342;11,417;;-0,07771094;0,005559838;0,1459627;0,01499678;-0,085295714;0,6225317;0,13965693;0,56394535;0,007823166;;;0,18649766;0,0107059125;0,0051086363;0,019869795;0,0068790023;-0,4424674;0,14323948;1,1332948;0,06492691;0,0
343;11,447;0,011030831;-0,09745278;0,0014454824;0,19859514;0,032115266;-0,08912779;0,6225452;0,13965204;0,5634948;0,006267822;-0,00014617706;-0,07179184;0,18617368;0,0049686227;0,0028101213;0,022592735;0,008401841;-0,44094455;0,1365016;1,14846;0,059086524;0,0
344;11,487;-0,0049400553;-0,09112152;-0,015880674;0,18828452;0,003620532;-0,08907435;0,62254447;0,13967569;0,56288075;0,004368294;;-0,07089148;0,18363625;-0,0026702336;0,00042740616;0,039436232;0,009766734;-0,43957967;0,1362723;1,1434152;0,04572113;0,0
345;11,517;0,0032817791;-0,09696412;-0,010378089;0,20507005;0,022951562;-0,08747362;0,62259114;0,13966237;0,56238425;0,003936403;0,00010719952;-0,07054629;0,18112782;-0,0052533876;-0,00082131755;0,0596639;0,007401749;-0,43214074;0,14264002;1,1201068;0,041365746;0,0
346;11,547;-0,020323936;-0,07295508;0,0059709414;0,14141805;-0,017075125;-0,0858336;0,6226214;0,1396562;0,56192994;0,0045254123;0,0003650231;-0,06996068;0,18099006;-0,007497704;-0,0006784281;0,06382226;0,0045161075;-0,4301244;0,14244014;1,1157092;0,048829656;0,0
347;11,567;-0,00055426196;-0,05596999;0,033396132;0,10226903;;-0,08561883;0,622666;0,13965897;0,5616162;0,0054159537;0,00028288594;-0,06977885;0,18167903;-0,0060579656;-0,0007957407;0,06535929;0,0022085155;-0,432432;0,14231382;1,1129303;0,052199084;0,0
348;11,597;-0,013608158;-0,0635929;0,037903246;0,104841344;-0,007264555;-0,08462892;0,6227221;0,13963999;0,56114537;0,0068772724;0,00011318453;;0,18283072;-0,0016832852;-0,0005392517;0,06144624;-0,0038287658;-0,44092026;0,13537456;1,0909853;0,048695866;0,0
349;11,637;-0,003917569;-0,04952202;0,03108317;0,081618845;;;0,6227861;0,13965295;0,5605267;0,00834136;;-0,070362605;0,18194743;0,0029654007;0,001328286;0,036353827;-0,008401689;-0,4454932;0,13525428;1,0883393;0,04704211;0,0
350;11,667;-0,005239985;-0,06736516;0,048936762;0,10906114;0,0073195184;-0,08671864;0,6228529;0,13963696;0,56003284;0,008240271;-0,00036461843;-0,07110908;0,18034707;;0,002054327;0,0248362;-0,009671369;-0,44676286;0,13526066;1,0884794;0,04712969;0,0
351;11,697;-0,024567861;-0,07487753;0,021318855;;-0,023228846;-0,08670326;0,6228842;0,13961728;0,5595587;0,007460652;-0,0007666054;;0,17914613;0,008168086;0,002263027;0,016345393;-0,008767508;-0,44095704;0,13094416;1,0833858;0,06947724;0,0
352;11,737;;-0,07693157;0,016384926;0,14206894;;-0,087723546;0,6229224;0,13960354;0,55894905;0,0059846174;;-0,071737796;0,17634165;0,0075356048;0,003065826;0,025640696;-0,004511174;-0,43179876;0,13121217;1,0647722;0,07826863;0,0
353;11,777;-0,023787485;;0,043519598;0,10232734;-0,024502788;-0,088069335;0,6229456;0,13959247;0,55835074;0,0051286425;;-0,07114904;0,17327058;0,005654045;;0,045962386;0,0014660618;-0,4258215;0,118172765;1,0720232;0,0930128;0,0
354;11,817;-0,02055199;-0,061292738;0,032718264;0,10591202;-0,018014837;-0,08809698;0,62301165;0,13960096;0,5577342;0,0057554804;-0,00050780014;-0,07034583;0,16777217;0,0054210736;0,0069834446;0,06257893;0,019139044;-0,42040345;0,11848259;1,0461594;0,097272836;0,0
355;11,857;;-0,06006832;0,03994815;0,09688614;-0,013151319;-0,08279995;0,6230902;0,13961166;0,5570916;0,0070156064;0,0002916253;-0,06952577;0,16170703;0,005854421;0,007535196;0,06343358;0,029280616;-0,42496774;0,10755517;1,0508543;0,10020719;0,0
356;11,897;-0,020319398;-0,05727481;0,03076404;0,10435154;-0,016702315;-0,0834681;0,62319523;0,13960926;0,55645925;0,008513285;0,0017003869;-0,06909104;0,1547327;0,0070522847;0,008896289;0,047932062;0,03817994;-0,42587236;0,10761924;1,0522637;0,11130049;0,0
357;11,927;;-0,07207969;0,023058902;0,13351619;-0,015688144;-0,08259105;0,6232395;0,13964374;0,556008;0,00858931;0,0027973023;-0,068885654;0,14915697;0,0065363958;0,008693102;0,039406497;0,046616755;-0,42723945;0,107598186;1,0518006;0,11611721;0,0
358;11,957;-0,014413046;-0,088207126;0,03892534;0,15824744;-0,010090445;-0,08280959;0,62327516;0,13965318;0,55558616;0,008191525;0,0039121024;-0,06849356;0,14489761;0,0040997937;0,008412348;0,021072855;0,048774794;-0,43243435;0,096295156;1,048232;0,13941784;0,0
359;11,987;0,0004075957;-0,086203896;0,014784549;0,1650731;0,0139475465;-0,08455753;0,6233189;0,13969739;0,5550999;0,0069946996;0,0049463315;-0,06850083;0,13874562;0,0025527677;0,00856372;0,01647294;0,047555164;-0,43855596;0,09613642;1,0692496;0,13723528;0,0
360;12,017;-0,017795367;-0,09245417;0,022727154;0,17975861;-0,020144183;-0,0857591;0,6233251;0,13975224;0,5546491;0,005485922;0,0057055824;-0,06856028;0,13248137;-0,00066428026;0,008682197;0,023340052;0,049491607;-0,44152147;0,09581501;1,0376687;0,12770963;0,0
361;12,047;-0,021348676;-0,08054257;0,018407313;0,16843356;-0,022987751;-0,08546193;0,6233383;0,13977894;0,554205;0,004577986;0,0063579134;-0,06873628;;-0,0034058061;0,009038998;0,030331213;0,047969818;-0,44304326;0,09568131;1,0347273;0,12587123;0,0
362;12,077;-0,008806827;-0,08267132;0,018478658;0,16088353;-0,00086003053;-0,085213624;0,623367;0,1398284;0,5537319;0,0042041847;0,0066559506;-0,06915091;0,124250345;-0,0042464375;0,008260228;0,051213983;0,05395904;-0,44930893;0,08869681;1,0117873;0,12685238;0,0
363;12,117;0,00015188399;-0,06693002;0,052295588;0,11236582;;-0,08171663;0,6234161;0,13987012;0,5530947;0,004928222;0,0070246593;-0,06993743;0,11959934;-0,002587586;0,007471206;0,06456972;0,061229594;-0,44448936;0,07736249;1,0075303;0,13440418;0,0
364;12,157;0,017926736;-0,065466985;0,054390974;0,1062956;0,041760553;-0,08057438;0,6234979;0,13995832;0,5524443;0,007010162;0,0075315456;-0,07083135;0,11237406;0,0023630273;0,007066929;0,06072284;0,07867973;-0,43929413;0,07732318;1,0066656;0,14407612;0,0
365;12,197;-0,008075199;-0,066424176;0,061054867;0,11234604;0,0023292964;-0,08140353;0,6235925;0,1400521;0,5517927;0,008562363;0,008539093;-0,07113308;0,10519713;0,0059123454;0,006756187;0,042464495;0,08471557;-0,4332583;0,077447794;1,009407;0,14578956;0,0
366;12,237;-0,020279903;-0,046786986;0,03157261;0,07650716;-0,016348308;-0,079627745;0,62367076;0,14017577;0,551144;;0,010346827;-0,070855804;0,100313;0,007321314;0,008257865;0,023028359;0,101543665;-0,4286851;0,07102113;1,0069094;0,15444094;0,0
367;12,277;-0,006409075;-0,062762015;;0,10445042;0,006371373;-0,08165814;0,62371457;0,14031862;0,5505295;0,007198184;0,012235378;-0,07043157;0,0953397;0,008051742;0,009839056;0,016522916;0,11760968;-0,42732495;0,06466343;1,0222687;0,16914667;0,0
368;12,318;-0,008909652;-0,07984798;0,029416457;0,13705872;0,0066717993;-0,0789464;0,62376416;0,1404519;0,54989564;0,0060310196;0,01426378;-0,069890685;0,08855503;0,007402536;0,010373707;0,027644565;0,122595176;-0,4272414;0,06497886;1,0046984;0,17348385;0,0
369;12,357;;-0,05385982;0,03044213;0,08845466;0,0028747313;-0,07937851;0,62381834;0,14064421;0,54923624;0,0051726503;0,016274808;-0,06973353;0,083042525;0,008946267;0,011344724;0,048358362;0,12965165;-0,42998886;0,060748555;1,0178407;0,17659163;0,0
370;12,387;0,009891117;-0,06331693;0,066039145;0,09981001;;-0,080965616;0,6238594;0,1407601;0,5487532;0,005822516;0,017559715;-0,06984414;0,079234846;0,010881796;0,011809031;0,059076536;0,13088645;-0,436107;0,060816333;1,0193318;0,17752358;0,0
371;12,417;-0,009795555;-0,05416996;0,02997074;0,091830745;-0,0008846038;-0,08130558;0,623914;0,1409107;0,54828846;0,0068511786;0,018436829;;0,07588701;0,010769117;0,01118086;0,06509171;0,1328188;-0,4415276;0,054112736;1,0107417;0,17726092;0,0
372;12,458;-0,021906048;;0,03826653;0,091563165;-0,02182486;;0,6239905;0,1411105;0,5476469;0,007976174;0,019588288;-0,070278786;0,07081045;0,010741644;0,012044185;0,05351942;0,14228784;-0,43450955;0,05393607;1,006855;0,1850442;0,0
373;12,497;-0,016722547;-0,061608024;0,03435425;0,105816;-0,008728269;-0,08153923;0,62405753;0,14130066;0,54702955;0,0085359905;0,021120708;;0,065836065;0,011547438;0,014494825;0,032765463;0,15054853;-0,4336018;0,046961173;0,95961636;0,17083867;0,0
374;12,537;0,0032107844;-0,10959889;-0,004281905;0,23292316;0,042020228;-0,08666656;0,6241;0,14149046;0,54644704;0,0071250093;0,022081666;-0,06982381;0,059115253;0,006242586;0,011013454;0,017869763;0,15480295;-0,42934737;0,046628766;0,95230347;0,1662681;0,0
375;12,577;0,0006856644;-0,14524278;-0,045498446;0,31858;0,046352983;-0,087918185;0,62408566;0,1417153;0,5458784;0,0045067407;0,022537157;-0,06791428;0,052449875;-0,008499065;0,003518146;0,019638473;0,16078334;-0,423367;0,046336442;0,9458723;0,16224864;0,0
376;12,607;0,0088111395;-0,15539758;-0,053772487;0,34578082;0,06344103;-0,08732509;0,6240949;0,14187382;0,54544353;0,0024854427;0,02313122;-0,06640799;0,048474558;-0,019224603;-0,00050413224;0,02516417;0,1631456;-0,4210047;0,046247885;0,94392407;0,161031;0,0
377;12,637;0,019588565;-0,12695049;-0,04192667;0,27829036;0,07254108;-0,08309371;0,624087;0,14207585;0,5450004;0,00092018745;0,023770085;-0,065319724;0,04592879;-0,025778482;-0,0033880386;0,048641507;0,15546471;-0,4164307;0,04612767;0,9412793;0,14405936;0,0
378;12,667;0,0010594015;-0,12889932;0,009125791;0,27495748;0,03462721;-0,0861826;0,6241113;0,142251;0,54452467;0,00095426186;0,024214866;-0,06480308;0,044419803;-0,026589112;-0,003949892;0,06015076;0,15182945;-0,41516402;0,046134163;0,9414222;0,14414868;0,0
379;12,697;-0,009676246;-0,089272425;-0,0006482765;0,18062091;0,014520514;-0,08265214;0,6241518;0,14239126;0,5440967;0,0023989677;0,024451796;-0,064395145;0,043401808;-0,02554904;-0,0025237082;0,068621315;0,13131292;-0,41852367;0,0462742;0,944503;0,13586178;0,0
380;12,727;0,0034062355;;0,024744403;0,121009186;0,031577256;-0,082837805;0,6241901;0,14257437;0,5436637;0,004076733;0,02389971;-0,06481878;0,04343207;-0,019569233;-0,0010190316;0,06693746;0,12994803;-0,41988856;0,04191264;0,9302481;0,13716485;0,0
381;12,757;-0,02596097;-0,041645136;0,028896254;0,07007927;-0,024272041;-0,08215694;0,6242802;0,14270025;0,54313993;0,0058415146;0,023285845;-0,065658756;0,042542458;-0,011135702;0,0014730514;0,05176919;0,11985137;-0,42263228;0,04221451;0,9123793;0,13110308;0,0
382;12,787;-0,020883739;-0,0497424;0,039109338;0,084279306;-0,017624103;-0,08246228;0,6243239;0,14285496;0,54270846;0,0068797916;0,022744602;-0,06648135;0,041259836;-0,003987191;;0,0390013;0,11127798;-0,42140174;0,04241525;0,9167956;0,14407568;0,0
383;12,817;-0,025735607;-0,0550309;0,030859193;0,09603939;-0,026806029;-0,085024774;0,62435335;0,14299624;0,54227334;0,0069401315;0,022091342;-0,06702331;0,040340167;0,000481555;0,008637304;0,022384476;0,100957274;-0,42682052;0,036040626;0,9154428;0,13812399;0,0
384;12,847;-0,03088634;-0,047286697;;0,081707016;;-0,08074405;0,6244077;0,14314084;0,5417861;0,0067063496;0,021015503;-0,06735717;0,03766395;0,002829715;0,010735245;0,01981144;0,09698794;-0,42833886;0,03614113;0,91765386;0,13439968;0,0
385;12,877;;-0,06730719;0,06336286;0,11161856;;-0,08353847;0,6244601;0,14327303;0,5413554;0,007472248;0,019264413;;0,034711327;0,0032760284;0,009728841;0,021544212;0,09081617;-0,42960867;0,036254108;0,9201394;0,12574072;0,0
386;12,917;-0,024648014;-0,07822311;0,009818265;0,14962862;-0,016293302;-0,08103199;0,6245452;0,14337888;0,5407185;0,007138477;0,017908528;-0,06780075;0,032453988;;0,010578983;0,045596585;0,075938985;-0,424878;0,025155975;0,88839877;0,12632766;0,0
387;12,957;-0,020435555;-0,11882739;-0,023215268;0,25314614;-0,0061037675;-0,08255142;0,6245923;0,14349127;0,540121;0,005946959;0,016238863;-0,06727356;0,0260494;-0,001008086;0,008038424;0,06554505;0,063978136;-0,39027023;0,01830911;0,85214686;0,10877642;0,0
388;12,997;0,0013246721;-0,1630135;-0,0355293;0,3628441;0,03727742;;0,62463796;0,14359663;0,5395772;;0,013998129;-0,064072154;0,016589757;-0,015920091;0,0020458545;0,06950927;0,025893034;-0,33031613;0,011342741;0,6743769;0,079369545;0,0
389;13,027;-0,016943254;-0,14257877;-0,076422945;0,33736792;0,01830578;;0,6246871;0,14364724;0,5391797;0,004784389;0,011438315;-0,059720222;0,008787909;-0,027286611;-0,0030891988;0,061611257;0,014238537;-0,26599023;0,01114442;0,5964844;0,06643022;0,0
390;13,057;-0,02430166;-0,13859856;-0,10240711;0,3303611;;-0,090227984;0,624711;0,14365564;0,5388477;0,0039497004;0,008926402;-0,053842377;0,0020906418;-0,034782346;-0,0065249694;0,042025063;0,017026367;-0,11369259;-0,0070035816;0,0093199;-0,004387481;0,0
391;13,087;-0,017653236;-0,15986188;-0,11598016;0,375372;0,0031522147;-0,0915054;0,62471986;0,14366186;0,5386462;0,0024983985;0,0071218233;-0,04369499;-0,007778848;;-0,009745219;0,033751402;0,017119337;-0,11359962;-0,02493958;0,006884805;-0,0059094154;0,0
392;13,117;-0,020109355;-0,17432585;-0,11708186;0,4082823;;-0,089552835;0,62469923;0,14371434;0,5384902;0,000808203;;-0,03379547;-0,022633899;-0,060011856;-0,012835525;0,02038333;;-0,0203906;-0,042958684;-0,11175773;-0,008574072;0,0
393;13,147;;-0,14542125;-0,086053565;;0,06472979;-0,08203536;0,6246878;0,14371832;0,5383951;-0,0008262912;0,00416001;-0,023406327;-0,040633522;-0,07231411;-0,016040301;0,020518392;-0,007746021;0,033103652;-0,054142833;-0,37414888;-0,009169839;0,0
394;13,187;-0,0028678086;-0,097191274;-0,0523838;0,22631712;0,035917226;-0,040655687;0,62467545;0,14373916;0,53839236;-0,001540892;0,0019465066;-0,010703578;-0,061872423;-0,08021711;-0,018608136;0,034274366;-0,0015000293;0,1324869;-0,07859136;-0,5525393;-0,008327267;0,0
395;13,227;-0,016360233;-0,03925059;-0,018205686;0,08860471;0,022862226;0,04222552;0,6246655;0,14373125;0,5385219;-0,0007889631;0,0010671711;0,0017498562;-0,07993133;-0,07936664;-0,017903706;0,05504636;-0,02649521;0,18837407;-0,07169695;-0,5887708;-0,005440899;0,0
396;13,257;-0,035631362;-0,00980076;0,017467838;0,019628888;-0,03143438;0,10713593;0,624711;0,14373699;0,53858787;0,0013497332;0,00028410714;0,009880228;-0,083388515;-0,06979909;-0,01392604;0,051646303;-0,0096727675;0,27627495;-0,11149552;-0,753555;-0,0012006321;0,0
397;13,287;-0,030355584;-0,015641619;0,036769092;0,034463875;-0,035453163;0,13186051;0,6247263;0,14372456;0,5387779;0,0037951209;;0,019199912;-0,09198929;-0,06144802;-0,007381318;0,047201667;-0,009766357;0,27863234;-0,12918672;-0,7914543;0,000643355;0,0
398;13,317;-0,020088483;0,008601558;0,012537984;-0,007359522;-0,014737527;0,13490947;0,62474734;0,14374837;0,5390259;0,0052041183;-0,00011948996;0,027397316;-0,107624516;-0,0564593;-0,0046113543;0,034429308;-0,007395177;0,2736506;-0,14669645;-0,80085117;0,0049827164;0,0
399;13,347;;0,009382517;0,004088555;;-0,034022927;0,13344029;0,6247635;0,14371091;0,539315;0,0056384355;-48,5;0,033071827;-0,12591101;-0,05168455;-0,0015455612;0,023865381;-0,00450676;0,28634292;-0,14654596;-0,79754066;0,0070518027;0,0
400;13,377;-0,0028758748;-0,009117287;0,035596035;0,023161884;0,005761503;0,13122773;0,62475234;0,14371888;0,5396135;0,0054423013;0,00020891456;0,03765489;-0,14124344;-0,048946865;0,0011409553;-0,0051671555;0,0014716428;0,3094782;-0,18205349;-0,8760918;0,009019435;0,0
401;13,407;-0,0054166997;0,045693252;-0,025365394;-0,111808985;0,017827224;0,13591978;0,62476575;0,14374436;0,53989273;0,0043665357;;0,04177628;-0,16224818;-0,0454941;0,0019617353;-0,014591091;0,011186487;0,31674203;-0,19986632;-0,8839873;0,009190936;0,0
402;13,437;0,024297832;0,12889385;-0,13599746;-0,32505858;0,10340895;0,13949184;0,6247409;0,14374712;0,54018855;0,0018938015;0,0010856105;0,043764696;-0,18496497;-0,030268643;0,00081826164;-0,02804499;0,015759658;0,3237662;-0,19995141;-0,918539;0,008020965;0,0
403;13,467;0,021673877;0,16759337;-0,24637763;-0,4516326;;0,14549986;0,6246909;0,14377926;0,5404602;-0,001964568;0,0020427464;0,044042256;-0,20207343;-0,006901528;-0,0018069634;-0,019202204;0,01702608;0,3152287;-0,20675915;-0,92942053;0,006326238;0,0
404;13,497;0,05195398;0,28254372;-0,45526916;-0,7756236;0,2617141;0,15771358;0,62463605;0,14380826;0,54064316;-0,007020973;0,002962601;0,04223978;-0,21390316;0,024647128;-0,0073281787;0,011374047;0,016115163;0,28980798;-0,21819068;-0,9113063;0,0023289686;0,0
405;13,527;0,05123658;0,34563902;-0,5642864;-0,9722785;0,2978269;0,16764668;0,6245313;0,14384119;0,54079044;-0,012311257;0,0037652773;0,036533084;-0,22234294;0,07580376;-0,016517416;0,022105142;0,007396183;0,278638;-0,218323;-0,8897073;0,0005097214;0,0
406;13,567;-0,0071132802;0,20716695;-0,40200233;-0,6230135;0,113427;0,15385295;0,62436616;0,14388333;0,540987;-0,016824676;0,004712091;0,031168807;-0,2329053;0,1179329;-0,020506036;0,031045703;0,0021951052;0,25628006;-0,2075086;-0,8723787;-0,003978522;0,0
407;13,607;-0,0037962247;0,08134406;-0,16484264;-0,25934014;0,0657131;0,14236695;0,6242748;0,14391676;0,5412505;-0,015192491;;0,031785306;-0,2429026;0,10642291;-0,015358747;0,023839787;-0,0038372355;0,22083597;-0,20776299;-0,8534656;-0,0074764527;0,0
408;13,647;-0,016335372;-0,015493818;0,0049443473;0,017978927;-0,006213742;0,13495983;0,6242783;0,14390258;0,54154336;-0,009883823;0,0038979896;0,03399511;-0,2519151;0,06556935;-0,008978335;0,005271849;-0,008407111;0,21381511;-0,20788305;-0,8234269;-0,009127125;0,0
409;13,677;-0,020955833;-0,005786255;-0,0031433993;0,008959492;-0,016305907;0,12779452;0,6242756;0,14388296;0,54181546;-0,0068080397;0,0030218356;0,035616465;-0,25795528;0,03538238;;-0,011154578;-0,009674022;0,22725408;-0,20787644;-0,82328176;-0,009036387;0,0
410;13,707;-0,014205888;-0,009216977;-0,010263254;0,014592754;-0,0040628114;0,12974969;0,6242516;0,14387022;0,54203516;-0,0050846096;0,002010502;0,036990844;-0,26256472;0,014131085;-0,0033221652;-0,017967582;-0,008763129;0,23306693;-0,19659561;-0,84471136;-0,0071112583;0,0
411;13,737;-0,034305178;-0,0029019848;-0,0039447476;0,002114703;-0,040987488;0,13173172;0,6242078;0,14385478;0,54233474;-0,004493772;0,0015562407;;-0,2625189;-0,0015181213;-0,0010314682;-0,007009682;-0,0045016794;0,21526957;-0,1896429;-0,78162104;-0,0034232717;0,0
412;13,777;-0,025587207;-0,007743355;0,0019253563;0,01916464;;0,13011299;0,62417215;0,14386085;0,5427379;-0,003830378;0,0012361789;0,03886789;-0,2588807;-0,015048555;0,00079522526;0,008417331;0,0014766479;0,22614986;-0,17817247;-0,79070926;0,0011090079;0,0
413;13,807;-0,017267067;-0,015588415;-0,0044832714;0,029032808;;0,12839781;0,6241787;0,14388981;0,54299057;-0,0025221684;0,0012885726;0,039319955;-0,2528535;-0,02285438;0,0019038911;0,016351687;0,0038378534;0,22851105;-0,17804173;-0,7878329;0,002906719;0,0
414;13,837;-0,03376569;-0,0089377845;-0,0047583105;0,015978351;-0,03951515;0,1293465;0,6242151;0,14388594;0,54323107;-0,0012684603;0,001617037;;-0,24713509;-0,029661033;0,0037378403;0,021041667;0,008408163;0,23553234;-0,17776233;-0,7816863;0,0067483555;0,0
415;13,867;-0,034208447;-0,02113567;-0,008469055;0,04088219;;0,13097697;0,62422603;0,14393587;0,5434743;-0,00024943982;0,0020060055;0,040526;-0,24266304;-0,033107918;0,004629205;0,019310018;0,009673481;0,23679766;-0,1776497;-0,81188846;0,008296826;0,0
416;13,897;0,0049009016;-0,017609213;0,027803173;0,03027628;0,020328298;0,12826729;0,6242573;0,14395085;0,5437243;0,0005345093;0,002399476;0,041228894;-0,23929532;-0,03681018;0,0051789996;0,0053934194;0,008760825;0,22608109;-0,17090131;-0,79414254;0,0091756;0,0
417;13,927;-0,0073586702;-0,0033312633;-0,011529216;0,011756542;0,006796114;;0,6242826;0,14396094;0,543972;;0,0023236086;0,041361965;-0,23472536;-0,039088745;0,004166511;-0,004752688;0,0073932656;0,22226255;-0,16423799;-0,7782684;0,008884535;0,0
418;13,967;-0,013277797;-0,01143606;-0,0032635485;0,024857994;-0,007970707;0,12880188;0,62429047;0,14400855;0,544318;0,00036649642;0,0021085194;0,040916767;;-0,04016817;0,0024560494;-0,023061262;0,0021983979;0,21706767;-0,16440034;-0,75733024;0,0066522723;0,0
419;14,007;0,0032680985;-0,012806696;0,028987955;0,02481079;0,019348925;0,1286396;0,6242883;0,1439882;0,5446716;-0,0007311116;0,002118224;0,04030248;-0,22086684;-0,04052841;0,0034717633;-0,022118898;-0,003839283;0,21102999;-0,16468251;-0,78804773;0,002772465;0,0
420;14,037;-0,014904286;-0,0015834672;0,026214207;0,0028191593;-0,013320873;0,12948042;0,6242495;0,14401029;0,544997;-0,0013056012;0,001422186;0,039841644;-0,21790665;-0,04147701;0,0016149376;-0,008855113;-0,00840751;0,20646177;-0,16055804;-0,81168884;-0,001790829;0,0
421;14,077;0,0016699951;-0,0091860015;0,006612408;0,022102261;0,017849136;0,12802544;0,62424564;0,1440041;0,5453446;-0,0013888499;0,0009873863;0,03920739;-0,21450408;-0,042765852;0,0028552697;0,013657729;-0,009765745;0,20755452;-0,1541734;-0,82645535;-0,005913673;0,0
422;14,107;0,0039865607;0,00072666083;0,029913593;0,0027080108;0,017484423;0,12775105;0,62425804;0,1440335;0,5455797;-0,00048727982;0,00060647476;0,038631216;-0,21014197;-0,042068765;0,0031343359;0,026688952;-0,0087623885;0,20610689;-0,16099045;-0,82120144;-0,007736203;0,0
423;14,137;-0,0193078;-0,0062549664;0,025620297;0,013714873;-0,020593753;0,12516527;0,6242713;0,14401652;0,5458482;0,0008931502;0,00011420539;0,03840337;-0,20810641;-0,04283565;0,002328592;0,018691748;-0,0045036795;0,21281658;-0,16109473;-0,84800553;-0,009170137;0,0
424;14,167;-0,001078726;-0,0059361034;0,031152746;0,013709558;;0,12553617;0,6242912;0,14403386;0,5461038;0,0017926806;0,0002094771;0,038318787;-0,20761801;-0,042720456;0,003219207;0,014962092;-0,0021982864;0,21512197;-0,16109033;-0,84790885;-0,009109711;0,0
425;14,197;-0,016798092;-0,020277686;0,021644847;0,0374648;-0,015805762;0,12523118;0,6242937;0,14404279;0,54639775;0,0023799208;0,00013010908;0,038467914;-0,20723979;-0,042724933;0,0022193333;0,0015940988;0,0038386718;0,22360991;-0,15428106;-0,828824;-0,007394063;0,0
426;14,227;;-0,015189071;0,02383275;0,02831546;-0,026782678;0,12387047;0,6243243;0,14405793;0,5466199;0,0021857372;0,00039026432;0,03895885;-0,20508716;-0,043322194;0,0019830377;-0,017478319;0,00689047;0,22175975;-0,14745434;-0,80935484;-0,005438263;0,0
427;14,257;-0,028303146;0,00071718235;-0,0060280603;0,004836241;-0,031032508;0,12753476;0,62432766;0,14410576;0,54687476;0,0012693752;0,0012509403;0,03931096;-0,20107023;-0,04358181;;-0,03367813;0,009673933;0,23434713;-0,14714575;-0,83524585;-0,0011953067;0,0
428;14,297;;0,015445238;0,0016909495;-0,022124333;-0,044208724;0,12616915;0,6243064;0,14414369;0,5472388;-0,0010114183;0,0019511826;0,04012522;-0,19587791;-0,04406715;0,0047499794;-0,026013693;0,008758882;0,23098111;-0,14681539;-0,8279779;0,0033471445;0,0
429;14,327;;0,003860072;-0,0039026667;0,000965422;-0,003452125;0,126981;0,62430507;0,14414936;0,54750913;-0,0016628059;0,002346454;0,040428493;-0,19308314;-0,042968083;0,0058268663;-0,021348957;0,007393296;0,2320665;-0,14223999;-0,83352804;0,004984522;0,0
430;14,357;-0,026964411;-0,016143473;-0,009716829;0,033597603;-0,026458072;0,12733029;0,624274;0,14418854;0,5478036;-0,0022008498;0,0025809759;0,040576663;-0,18968607;-0,0422557;0,0061790454;-0,002276342;-0,0027068097;0,22686836;-0,13532972;-0,8122214;0,0080887545;0,0
431;14,387;-0,037664086;-0,008140849;-0,002425893;0,01790659;-0,046561256;0,12477397;0,6242555;0,14419352;0,54810673;-0,002149791;0,0024588348;0,04063801;-0,18479976;-0,0424983;0,006838873;0,0019065586;-0,021082606;0,22319844;-0,12857752;-0,80256164;0,009019891;0,0
432;14,427;-0,020106511;-0,002624427;-0,006544658;0,008513568;-0,01692441;0,1249217;0,6242292;0,14419875;0,5484933;-0,0011478383;0,0011287103;0,04056505;-0,17659056;-0,042916197;0,0070393304;0,022604179;-0,043657098;0,2079769;-0,112999685;-0,78664666;0,008754318;0,0
433;14,467;-0,026090348;-0,011790305;0,015267205;0,021655452;-0,027920445;;0,62423146;0,14417684;0,5488683;-2,07;-0,0008202176;0,03997607;-0,16595152;-0,043502096;0,006245122;0,012635108;-0,06849835;0,2002925;-0,11317669;-0,79054064;0,0063205827;0,0
434;14,507;-0,025216818;0,00096979504;0,0135760065;0,0010760243;;0,12364851;0,62423396;0,14415845;0,54922944;0,0011942994;-0,00324204;0,038986403;-0,15571973;-0,043982;0,0076723513;-0,0032152587;-0,0847411;0,19630465;-0,10009818;-0,79693115;-0,028310735;0,0
435;14,537;-0,020905135;0,004737363;-0,007343626;-0,00054232386;-0,018994758;0,12432121;0,62423736;0,14414284;0,54947376;0,0009884641;-0,005344292;0,038041495;-0,14676872;-0,043755505;;0,0031517807;-0,09763919;0,17360264;-0,08260527;-0,73888457;-0,05330614;0,0
436;14,567;-0,014967194;-0,011224473;-0,010530746;0,028416136;-0,00808121;0,12466574;0,624214;0,14410558;0,54972345;0,00082452525;-0,0078107663;;-0,13355613;-0,04366661;0,0068633026;0,011437952;-0,097782664;0,1563023;-0,07827512;-0,70081085;-0,08057213;0,0
437;14,607;;0,008138055;0,010391754;-0,011922052;-0,017206883;0,12320575;0,6242221;0,1440506;0,5499798;0,00086613145;-0,010422269;0,034084704;-0,1168637;-0,04446503;0,0036316994;0,02029921;-0,08929273;0,1451844;-0,09635504;-0,64105284;-0,09939168;0,0
438;14,647;-0,017987434;-0,0075589283;-0,0112133045;0,020139586;-0,014009464;;0,6242111;0,14400984;0,55027694;0,0014668454;-0,011681834;0,031516578;;-0,042496026;0,0024376658;0,040508315;-0,09943176;0,13749634;-0,09424673;-0,59466994;-0,13678308;0,0
439;14,677;-0,013756858;;-0,0035242543;0,02811193;-0,011795827;0,12596236;0,6242299;0,14394866;0,5504624;0,0023550242;-0,012695042;0,029813021;-0,10966472;-0,04225776;-0,0004857978;0,075388126;-0,09562709;0,08492846;-0,0942023;-0,43846372;-0,16170323;0,0
440;14,707;-0,017001456;0,0058391397;-0,008936094;-0,0015279424;-0,01437023;0,12558259;0,6242688;0,14389737;0,55060583;0,0044217464;-0,013474368;0,02692149;-0,1090201;-0,041877538;-0,0030544188;0,08496071;-0,11133683;0,042257946;-0,0896436;-0,42804143;-0,1602955;0,0
441;14,747;;-0,0116384085;-0,0028940148;0,025923766;-0,026861986;0,12587482;0,6243633;0,1437498;0,55078125;0,007366487;-0,014780429;0,021948155;-0,10705503;-0,04098189;-0,0062291273;0,07399741;-0,1303041;0,0036828306;-0,0782346;-0,31593242;-0,18724535;0,0
442;14,777;0,004956376;0,0028462994;-0,009818537;-0,0011173692;0,023401674;0,1258997;0,62441677;0,14361325;0,5509025;0,008617959;-0,01624113;0,01713452;-0,10199086;-0,0387689;-0,007442526;0,040572118;-0,15344615;-0,07828274;-0,060079295;-0,11259417;-0,2031328;0,0
443;14,807;0,008335924;0,018984372;-0,033977054;-0,040849853;0,034286197;0,13041614;0,6244836;0,14347829;0,55090606;0,008295333;-0,018461743;0,010289698;-0,09174844;-0,03372631;-0,010028277;0,031024706;-0,16560543;-0,08063811;-0,046579886;-0,01168557;-0,20133942;0,0
444;14,837;-0,07826635;0,21432658;-0,23218417;-0,57244956;-0,15291186;0,15268193;0,6244948;0,14336206;0,5508551;0,0063362597;-0,020315656;0,0017096876;;-0,009353952;-0,009526906;0,019806676;-0,17507637;-0,14893258;-0,035159726;-0,005540071;-0,22813575;0,0
445;14,867;-0,1375155;0,35371497;-0,42216462;-0,96980107;-0,30161065;0,17053965;0,624459;0,14329909;0,5506567;0,0015161729;-0,019727925;-0,011031758;-0,055627566;0,04328359;0,0060079545;0,021547273;-0,1714391;-0,19921687;-0,028362595;0,07863728;-0,226587;0,0
446;14,897;;;-0,48640475;-0,95813495;-0,48580864;0,16761337;0,624354;0,14324445;0,550374;-0,003986492;-0,017551048;-0,025196321;-0,0361599;0,10101374;;0,037090905;-0,16072153;-0,23506792;-0,028298816;0,27611884;-0,17464794;0,0
447;14,917;-0,22163804;0,2456038;-0,4379518;-0,72252035;-0,59776753;0,1536159;0,62427413;0,14324662;0,5501654;-0,0067949584;-0,015366782;-0,03359355;-0,027005907;0,1290109;0,05107783;0,04561131;-0,15690139;-0,24595368;-0,0171792;0,30833212;-0,17493948;0,0
448;14,937;-0,27292317;0,09873764;-0,38396987;-0,3000141;-0,763019;0,13518782;0,62421274;0,14324664;0,54996365;-0,008419997;-0,013101318;-0,038895313;-0,019356417;0,13645923;0,073703915;0,057730436;-0,13930501;-0,26022005;-0,010574787;0,2902305;-0,17604057;0,0
449;14,957;-0,16696212;-0,007636194;-0,22731335;-0,011045615;-0,49704382;0,12694572;0,6241456;0,14324309;0,5498513;-0,0086624175;-0,010555002;-0,041332997;-0,014714973;0,12202767;0,096353725;0,063919745;-0,12474325;-0,27752104;-0,010657179;0,34560743;-0,16185483;0,0
450;14,977;-0,06269483;;-0,12050314;0,09021868;-0,20833133;0,12470597;0,6241124;0,14313036;0,5497886;-0,0074864044;-0,0104069;-0,04247673;-0,010591639;0,10005724;0,09575274;0,0684991;-0,11371871;-0,3032612;-0,010816072;0,4728307;-0,12829615;0,0
451;15,007;0,021581193;-0,0025231368;-0,0035003696;0,0051034125;0,04672289;;0,6241045;0,14292708;0,54960865;-0,003982943;-0,012891047;-0,04391451;-0,0039809616;0,07218767;0,069642685;0,06786701;-0,10400011;-0,33275828;-0,010939398;0,543647;-0,11467326;0,0
452;15,047;;-0,012478808;-0,017320016;0,02835995;0,002275509;0,12686075;0,6241596;0,14273565;0,54916734;;;-0,047823403;0,003625689;0,057819773;0,040360603;0,051319834;-0,10188353;-0,3404456;-0,011271383;0,57719296;-0,093706995;0,0
453;15,087;-0,00979232;;0,023744706;0,0010684298;-0,013528888;0,12823988;0,6242632;0,14251706;0,5486085;0,003484176;-0,0164937;-0,051378813;0,008629084;0,047855545;0,02182438;0,030438375;-0,10543094;-0,35379696;-0,011571189;0,64412665;-0,056979667;0,0
454;15,117;0,006891542;-0,015265571;;0,025817238;0,013315366;0,120314404;0,62429917;0,14240915;0,54822767;0,003999876;-0,01687517;;0,010852243;0,044013582;0,015181987;0,01711823;-0,10780674;-0,3635257;-0,011764324;0,68072736;-0,049422856;0,0
455;15,147;-0,0038223085;-0,01675458;0,0059859813;0,02514081;-0,0014796477;;0,6243115;0,14227757;0,54787016;0,003803914;-0,017338052;-0,055825863;0,01157612;0,038217478;0,010085165;0,017260097;-0,10824529;-0,36396423;-0,011807755;0,69611174;-0,06023245;0,0
456;15,177;0,018859891;-0,011720152;0,008422359;0,01817683;;0,09160012;0,6243123;0,14215308;0,54750335;0,0033343625;-0,017737295;-0,057611737;0,010975699;0,035621986;0,0059102015;0,030944902;-0,08971635;-0,36749414;-0,0117468815;0,7056209;-0,038970605;0,0
457;15,217;-0,0010321111;-0,030316716;;0,05130952;0,006503213;0,06426537;0,6243268;0,1420349;0,5469958;;-0,017464196;-0,059068054;0,008589747;0,03123527;0,0011153156;0,063246004;-0,075521566;-0,35575032;-0,011536105;0,6367286;-0,0054351627;0,0
458;15,247;0,00010032407;-0,06991066;-0,024877468;0,1533824;0,0066850847;0,048964668;0,62435234;0,14189564;0,54662013;0,0045984257;-0,016698321;-0,05940828;0,0056972136;0,028667193;-0,0005670708;0,07503002;-0,06723404;-0,322953;-0,011420537;0,5984214;-0,0038461082;0,0
459;15,287;-0,004124101;-0,093122765;-0,047370847;0,22506323;-0,012417733;0,026298286;0,6243728;0,14180301;0,546157;0,005549983;-0,01526504;-0,057235073;0,00020636;0,015459319;-0,0013001277;0,11909151;-0,053882863;-0,24097437;-0,011093326;0,45039126;0,00065303955;0,0
460;15,317;0,0067075244;-0,13120306;-0,0931452;0,32895076;0,0018293066;0,02340677;0,62437695;0,14176008;0,545929;0,007454318;-0,013751941;-0,049920097;-0,0056969714;-0,0051843673;-0,003022616;0,127537;-0,034349382;-0,17732324;-0,010777982;0,22857068;0,004989027;0,0
461;15,367;-0,0056950096;-0,19310483;-0,15888841;0,5099896;-0,024947539;0,015063539;0,6244261;0,14170817;0,54558796;0,008390671;-0,011328202;-0,039867163;-0,011474645;-0,03534115;-0,0026869564;0,11826535;-0,019344972;-0,09614236;-0,01055236;0,04562586;0,008091326;0,0
462;15,407;0,0016119087;-0,21439728;-0,24029264;0,5874405;;0,013633648;0,6244331;0,14168829;0,54544646;0,0068383417;-0,00868374;-0,027690642;-0,016292755;-0,07014065;-0,0031446894;0,0899682;-0,0035081212;-0,026383938;-0,010472394;-0,10784364;0,009190865;0,0
463;15,447;-0,013819491;-0,29806775;-0,3606527;;-0,038176123;0,013377829;0,62441975;0,14167203;0,5454001;0,0023098714;-0,0063721836;;-0,0211991;-0,113490485;-0,0063136006;0,083097346;0,008416251;0,07132475;-0,010557972;-0,20776558;0,008014158;0,0
464;15,487;-0,027258897;-0,30475882;;0,8555896;-0,067233674;0,04119967;0,6243273;0,14172159;0,5455388;-0,0047135325;-0,0031192368;0,000974242;-0,024798024;;-0,0063450094;0,08036757;-0,007392225;0,12169274;-0,010787632;-0,4252364;0,004856333;0,0
465;15,527;-0,033239923;-0,15240265;-0,47873202;0,4498356;;0,098358564;0,6242049;0,141775;0,5457104;-0,010044198;-0,0009917145;0,01301483;-0,022479359;-0,17739636;-0,002480681;0,08101216;-0,012232007;0,17812747;-0,011105435;-0,56294703;-0,025044497;0,0
466;15,557;-0,056663662;0,00092394155;-0,43598717;0,021490106;;0,13199113;0,62412846;0,14177571;0,54580766;-0,012628307;45,2;0,018467404;-0,015096334;-0,16188347;0,0005007501;0,07516338;-0,007614132;0,23421593;-0,011430435;-0,6763062;-0,019300837;0,0
467;15,587;-0,073191136;0,18333061;-0,41478568;-0,47603047;-0,15058966;0,14625466;0,6240833;0,14181179;0,545844;-0,012875306;0,0016926259;0,021605408;-0,00548044;-0,11754913;0,009636966;0,0718407;-0,001483172;0,27466062;-0,011596369;-0,72080636;-0,021582425;0,0
468;15,617;;0,19249932;-0,26658604;-0,5320634;-0,13180616;0,14939356;0,6240417;0,14182867;0,54593766;-0,011449036;0,0039161732;0,022663582;0,0050859055;;0,02261139;0,054660395;-0,01179896;0,28640366;-0,011775705;-0,79011124;-0,024048304;0,0
469;15,647;-0,00063371356;-0,031883374;0,006987574;0,06624812;0,015598827;0,12679024;0,6240179;0,14183013;0,54609936;;0,0033839524;0,02769845;0,010326448;-0,030437656;0,02158745;0,046091855;-0,013313507;0,2848891;-0,011804666;-0,7907484;-0,024446514;0,0
470;15,677;-0,01724774;0,007586849;0,02288541;;;0,12176989;0,6240518;0,14179209;0,5463563;-0,0031351205;0,0018877956;0,034293123;0,011492784;-0,036771767;0,015128224;0,01284733;-0,014667034;0,3448101;-0,011760237;-0,81428075;-0,02383561;0,0
471;15,707;0,016240155;-0,0067496537;0,032869145;0,009591537;0,04291322;0,12208297;0,62411845;0,14175017;0,5465516;-0,0007940607;0,00096242764;0,040319853;0,012570799;-0,03586578;0,012405969;;-0,013660804;0,35562024;-0,011657672;-0,85287404;-0,022425348;0,0
472;15,737;-0,01814351;-0,03763197;0,028225148;0,062807724;-0,029053574;0,11728966;0,62412715;0,14175181;0,5469061;;;0,04626172;0,013219378;-0,03773683;0,007541707;0,014263569;-0,009393486;0,33537775;-0,011389207;-0,80611813;-0,018733945;0,0
473;15,777;-0,018919524;0,0017624733;-0,008604892;-0,0022138504;-0,019855147;0,102987096;0,62413925;0,14176017;0,54737496;;-0,0002384706;0,051470578;0,012747517;-0,04068536;0,006974332;0,041128296;-0,0034162907;0,2751785;-0,004375179;-0,6354696;0,0011158028;0,0
474;15,817;-0,0027088663;-0,020346897;0,009533316;0,03311339;0,007877334;0,08575391;0,62418;0,14176005;0,547786;0,0021440142;-0,00021686022;0,051911242;0,013249962;;0,005842901;0,075681925;0,0019958818;0,1751985;-0,004065579;-0,3917303;0,030903844;0,0
475;15,857;0,0017988607;-0,02654089;-0,0037984427;0,04991901;0,010307608;0,066468135;0,6242551;0,14173955;0,5481413;0,005015889;-0,00015803377;0,04764598;0,013446366;-0,038906835;0,004783152;0,08465248;0,004773539;0,19268204;-0,0038526303;-0,37887552;0,03383189;0,0
476;15,887;0,011653397;-0,015172897;0,014244841;0,028172323;0,030036392;0,05256547;0,62430936;0,14176962;0,54840565;;;0,044151634;0,0125227105;-0,038559005;0,0039180103;0,07670283;0,0048629567;0,19522244;-0,0038074814;-0,3697123;0,034452688;0,0
477;15,917;0,04428331;-0,0952929;;0,1363442;0,041660335;0,011899954;0,6243988;0,14174165;0,54867613;0,00893686;0,00014721476;0,041853838;0,010811208;-0,037829902;0,0034961286;0,09161437;0,0024841244;0,104608305;-0,0104948245;-0,32892537;0,03441348;0,0
478;15,947;-0,016063817;-0,02534237;0,0064318976;0,048059832;;0,027980024;0,62452346;0,14176531;0,5488985;0,012409898;-0,00044879105;0,03815506;0,0057495493;-0,039619014;0,0018975543;0,09094682;-0,00040562593;0,06740483;-0,017259434;-0,19179904;0,03331187;0,0
479;15,977;-0,014906558;;;0,041590013;-0,015981924;0,02286982;0,6245879;0,14176714;0,5490856;0,013213097;-0,00031026447;0,03216527;-0,00045505495;-0,036111567;0,002454851;0,12757587;-0,016192881;0,014852871;-0,0041320445;-0,11541478;0,029989941;0,0
480;16,007;-0,01440608;0,063810416;-0,094258785;-0,20406003;0,007929713;0,028453333;0,62467504;0,14176565;0,5492506;0,014656376;-0,000744458;0,02549485;-0,002319901;-0,03167822;0,0026567054;0,14618981;-0,028357647;-0,0071158167;-0,004255178;-0,10995379;0,0027658108;0,0
481;16,037;0,05526067;0,39121574;-0,5095726;-1,0;0,25873187;;0,62475795;0,1417624;0,54923445;0,013771956;-0,0014833949;0,013959234;0,0039940886;0,015251947;-0,0028334167;0,17582175;-0,035374194;-0,060700994;-0,0469223;-0,043728516;-0,03243653;0,0
482;16,067;0,100471914;;-0,8783563;-1,0;;0,08321411;0,62475985;0,14173086;0,54904014;0,0083645815;-0,0018628885;-0,0039003873;0,005367016;;-0,016317064;0,19984455;-0,041538008;-0,08157069;-0,047111075;-0,023371797;-0,03503221;0,0
483;16,097;0,11151447;0,71897817;-1,0;-1,0;0,5456754;0,09232736;0,62466764;0,14174084;0,5487137;0,0006293259;-0,0024216298;-0,023154967;0,007267687;;-0,03580651;0,21463692;-0,06267503;-0,08064889;-0,040670168;-0,028730644;-0,058806326;0,0
484;16,127;0,11097664;0,4630267;-1,0;-1,0;0,51473016;0,07675116;0,62451446;0,14172389;0,54838043;-0,0071704783;-0,0035370453;;0,011030284;0,30040956;-0,05488435;0,213278;-0,07601373;-0,07928171;-0,04741504;-0,030058974;-0,064742744;0,0
485;16,157;0,027216563;0,14640334;-0,78675425;-0,52958965;0,19263023;0,03307959;0,6243342;0,14167003;0,5482225;-0,011669828;-0,005335504;-0,04128221;0,004343553;0,29908267;-0,06512866;0,21097614;-0,09530502;-0,10837691;-0,06527905;-0,030910369;-0,0856997;0,0
486;16,187;-0,08783636;-0,10806511;-0,36779338;0,22049245;-0,20299861;-0,014161195;0,6242353;0,1416646;0,54826975;-0,010136938;-0,006023998;-0,037289623;-0,0183865;0,23656043;;0,20106564;-0,09410236;-0,10717426;-0,07636353;-0,029670764;-0,090031154;0,0
487;16,217;0,0048707714;-0,063133426;-0,01760509;;0,017816352;-0,012761195;0,6243024;0,14155638;0,54825234;-0,0028098898;-0,007452571;-0,029397132;-0,04696087;0,14904833;-0,02796671;0,14096658;-0,11074482;-0,09195397;-0,058327045;-0,025025064;-0,071808964;0,0
488;16,257;-0,014138311;0,007837289;0,01371816;;-0,020033874;0,0028743003;0,62451726;0,14143576;0,54797727;0,0067981845;-0,011537411;-0,024019467;-0,06339626;0,09424629;-0,022915268;0,09866675;-0,12757932;-0,089180626;-0,035737004;-0,0019003386;-0,10841811;0,0
489;16,287;-0,031672545;-0,11057236;-0,035188235;;-0,07637268;0,051564656;0,6245845;0,14132214;0,547843;0,009648702;-0,014122484;-0,02141775;-0,061548185;0,06763322;-0,019540481;0,088426806;-0,13484304;-0,08664042;-0,017777571;0,0010502834;-0,11678638;0,0
490;16,327;-0,091600165;-0,27923918;-0,17508186;0,7999204;-0,2872763;0,11053038;0,6245723;0,1412111;0,54782635;0,008848531;-0,016041342;-0,0144480765;-0,04932014;0,0009935435;-0,0074097696;0,104513235;-0,120067745;-0,081669055;-0,004093116;0,02433053;-0,102236226;0,0
491;16,367;-0,1882225;-0,29391855;-0,30344266;0,85603863;;0,10113134;0,62454265;0,14111704;0,54794645;0,0053235735;-0,0145857865;-0,0060498985;-0,03773725;-0,0827416;0,022300111;0,13664852;-0,10565852;-0,08686767;-0,0038677754;0,029288027;-0,073606744;0,0
492;16,407;-0,20273235;-0,24097696;-0,42444402;;-0,6502844;0,10691891;0,6244963;0,14108986;0,5480361;0,0016339731;-0,010541387;-0,0013995927;-0,030300966;-0,13422056;0,06363863;0,18291733;-0,070028216;-0,09045305;-0,010472397;0,031045176;-0,01634023;0,0
493;16,447;-0,1809966;-0,18191597;-0,4468143;0,5435265;-0,5859854;0,108152285;0,624479;0,14108022;0,5480507;;-0,0054340567;-0,0010613021;-0,02578672;-0,14874548;0,0951057;0,19304949;-0,04763101;-0,09501663;-0,0105579235;0,029163584;0,008014821;0,0
494;16,487;-0,01707859;-0,16831294;-0,21227546;0,4983345;-0,11343907;0,110434815;0,6245052;0,14100868;0,5479782;0,0017062236;-0,0033318212;-0,002489167;-0,019156618;-0,14249374;0,09159392;0,19414128;-0,04652932;-0,09636592;-0,010787645;0,02410972;0,0048561567;0,0
495;16,517;0,025359849;-0,09283729;-0,11718021;0,30287838;0,052903756;0,11485358;0,6246062;0,14088874;0,54793;0,005690523;-0,004628384;-0,0032612705;-0,013587098;-0,1365737;;0,21477693;-0,019639885;-0,09398629;-0,011104678;-0,12175389;0,0004969565;0,0
496;16,547;;-0,07131236;-0,062060576;0,2337637;;0,12059639;0,62475264;0,1407802;0,5478294;0,011044513;-0,0055557666;-0,004982449;-0,0072252676;-0,12124645;0,043558925;0,20902133;-0,016747426;-0,09109383;-0,011304583;-0,18334135;-0,0022517478;0,0
497;16,587;0,016631674;-0,030119095;;0,12958354;0,045247484;;0,62500393;0,14069642;0,54763967;0,017710613;-0,0059962096;-0,0072530024;-31,7;-0,09852878;;0,21248451;-0,010765281;-0,085111685;-0,0138247935;-0,2224461;-0,006267377;0,0
498;16,627;;-0,021776658;-0,02069751;0,10281208;0,040788393;0,11889253;0,6252448;0,14067267;0,54752994;0,022329805;-0,005506692;-0,0089081535;0,00410951;-0,08095801;0,009576959;0,23620571;-0,0053545204;-0,082151905;-0,01846028;-0,18553789;-0,008730792;0,0
499;16,667;0,018886399;-0,025530476;-0,021839418;0,10598696;;0,112368174;0,6255142;0,14062975;0,5474186;0,026867367;-0,0050356253;-0,009523481;0,0040410897;-0,06920354;0,0010294934;0,26445797;-0,0025787149;-0,08182708;-0,060817484;-0,10432455;-0,009034545;0,0
500;16,707;;0,035938058;-0,11521262;-0,062041093;0,082820944;0,0910427;0,62577885;0,14061219;0,5473193;0,029962726;-0,0042226557;-0,011003765;-0,013761388;-0,051462993;-0,0047659785;0,28757402;-0,0034992795;-0,080296665;-0,07850234;-0,044045035;-0,0071033114;0,0
501;16,737;;0,073300436;-0,19778542;-0,1688784;;0,07561609;0,6259544;0,14063856;0,5472237;0,03166184;-0,0038443885;-0,012878381;;-0,0308756;;0,27166656;-0,0077690603;-0,084566444;-0,08269013;-0,038137123;0,052757435;0,0
502;16,767;0,0574406;0,023966108;-0,24044506;-0,052576322;0,17232552;0,06600893;0,62614906;0,14064428;0,5471063;0,03151266;;-0,01501779;-0,048604064;-0,010749965;-0,014112634;0,26738173;-0,010072195;-0,08686958;-0,082561485;-0,03530694;0,080057345;0,0
503;16,797;0,066484444;-0,013288225;-0,30315018;0,055451214;0,21177632;0,0466299;0,6263159;0,14062022;0,5470091;;-0,0041755806;-0,015267745;-0,06321639;-0,008934263;-0,021489998;0,26622894;-0,016123598;-0,09782294;-0,111195065;0,029198721;0,11016096;0,0
504;16,827;0,09098251;-0,058678627;;;0,26356253;0,032814786;0,62646085;0,14061086;0,54693073;0,02773194;-0,004725528;-0,015581826;;-0,0106761865;-0,02885407;0,26091075;-0,019156558;-0,1008559;-0,0998764;0,10664092;0,1381375;0,0
505;16,857;0,089610055;;-0,37125987;0,2829249;0,2637151;0,023317255;0,6265686;0,14060645;0,54690397;0,025117302;-0,005758731;-0,015006534;-0,09951672;-0,02040626;-0,03729547;0,2584973;-0,021931874;-0,10363122;-0,0974353;0,18485469;0,16149007;0,0
506;16,897;0,064348504;-0,17145802;-0,3870631;0,47498283;0,18716611;0,008489582;0,62673295;0,14054972;0,54681003;0,021627609;-0,006902862;-0,013322703;-0,114146754;-0,04036965;-0,04451421;0,29530135;-0,021010209;-0,102709554;-0,09291561;0,2516082;0,17767996;0,0
507;16,927;0,0015885081;-0,19204317;-0,37713346;0,543304;0,027530022;0,006002236;0,6268294;0,14051513;0,5468226;0,020493822;-0,006565088;;-0,12269545;-0,059549302;-0,039673463;0,3070907;-0,019638678;-0,10133802;-0,09293694;0,22662911;0,18759908;0,0
508;16,967;-0,052139252;-0,18903485;-0,37139255;0,5543533;-0,1552531;0,005049817;0,6270256;0,14052534;0,54676795;0,020520018;-0,0046052844;-0,009004719;-0,13244519;-0,08414948;-0,01937339;0,31722358;-0,0021772517;-0,020151109;-0,09755623;0,18219428;0,16493352;0,0
509;17,007;-0,06485343;-0,19313052;-0,36168563;0,55624896;-0,22252074;0,008989913;0,6272308;0,14052798;0,5467484;0,021253934;-0,0012088749;-0,0044917595;-0,1418467;-0,103331044;0,0089235185;0,32112387;-0,01085108;-0,031275917;-0,19810584;0,102455854;0,2274336;0,0
510;17,047;-0,042735733;-0,11579825;-0,33565906;0,35174415;-0,1410268;;0,6274631;0,1405583;0,54674184;0,022778058;0,0012933532;-0,000111142894;-0,17710352;-0,11328994;0,030997548;0,29474792;0,008416418;-0,031616263;-0,25859818;0,013454131;0,2739317;0,0
511;17,077;0,014217312;0,00606917;-0,32867327;0,031490244;0,017229374;;0,62763923;0,14055854;0,5467155;0,023572415;0,0024348523;-0,00046567916;-0,22683659;-0,097665936;0,036776844;0,26570824;-0,0024904425;-0,040072143;-0,32351446;0,006864717;0,35661888;0,0
512;17,107;0,058333654;0,0907249;-0,30603603;-0,22281818;0,17791528;0,03771838;0,62779725;0,14056036;0,5466178;0,02321132;0,002187165;-0,0033092846;-0,28482366;-0,06651518;0,032348644;0,2543253;0,0014023321;-0,063140154;-0,365982;0,0039516934;0,3956479;0,0
513;17,137;;0,12529257;-0,29127508;-0,32083485;;;0,62798244;0,14050461;0,5464827;0,023236908;0,001164875;-0,0076783933;-0,3434203;-0,028068835;0,021269048;0,25093243;0,00448843;-0,07230896;-0,4195618;0,0016662709;0,4401754;0,0
514;17,167;0,08899169;0,16189297;-0,2266206;-0,4341919;0,32824805;0,068138264;0,6281646;0,14045033;0,5463333;0,023660837;8,99;-0,012063768;-0,40393147;0,0063388348;0,007736401;0,24977821;0,0021819512;-0,074615434;-0,40841642;0,001767017;0,4402384;0,0
515;17,197;0,1068992;0,14833906;-0,15527691;-0,3925067;0,357443;0,086679436;0,62835634;0,14042628;0,54617447;;-0,0009955416;-0,015874986;-0,44929385;0,03665614;-0,0030186768;0,27298295;-0,003856378;-0,007124352;-0,37264052;0,004523105;0,44706714;0,0
516;17,227;0,08662236;0,1042112;-0,13088493;-0,27699733;0,3317606;0,10802327;0,6285731;0,1403666;0,5460829;0,027643397;-0,0021454182;-0,015781559;-0,47009176;0,0537254;-0,010619365;0,2904025;-0,006901452;-0,0077184453;-0,38809538;0,007653601;0,45923612;0,0
517;17,257;0,10361693;0,012829189;-0,06276341;;0,35970452;0,12593938;0,6288105;0,14031096;0,54605067;;-0,0033222404;-0,013306826;-0,48475975;0,053741716;-0,017003315;0,30329973;-0,017029693;-0,017846687;-0,3766457;0,04712791;0,4481641;0,0
518;17,287;0,11516132;-0,022815978;-0,06706386;0,054275077;;0,13075109;0,6290675;0,14023805;0,5460298;0,0343126;-0,005158818;-0,010315829;-0,49409816;0,041182447;-0,025206659;0,31189728;-0,026921123;0,035987373;-0,3475455;0,09092695;0,42958263;0,0
519;17,317;0,13984096;-0,043875955;-0,0564866;0,12760621;0,46183068;0,12550828;0,62932414;0,14017737;0,5460393;0,0372864;-0,0074539836;-0,0058881035;-0,49143025;0,027013032;-0,036084455;0,32684532;-0,019635024;0,13641073;-0,19125867;0,28577322;0,33179453;0,0
520;17,347;0,16012652;-0,045604773;;0,12826987;;0,124305405;0,62957484;0,14010546;0,54613304;0,03952673;;0,0014509583;-0,4417078;0,01642426;-0,05039405;0,33751374;-0,026545988;0,14175467;-0,16659868;0,34626716;0,29301012;0,0
521;17,377;0,1616706;-0,025505614;-0,0618154;;0,5245745;0,12575723;0,62987286;0,14001006;0,54622364;0,041846775;;0,0084895585;-0,3795662;0,009701795;-0,06503529;0,33301374;-0,025466096;0,15263848;-0,119664654;0,45561293;0,19284631;0,0
522;17,407;;0,016799156;-0,04876023;-0,021961492;0,19652307;;0,63017476;0,13993286;0,54632485;0,04412274;-0,012355842;0,0132559845;-0,31793076;0,013003401;-0,071649194;0,34975764;-0,015752696;0,16235188;-0,10182712;0,5212412;0,16237706;0,0
523;17,437;;0,03613627;-0,02975143;-0,07072461;0,05206763;0,13602379;0,63050216;0,1399125;0,5464313;0,047336306;-0,010416353;0,016645689;-0,2638053;0,021717956;-0,056415457;0,3935635;-0,0038360232;0,24779797;-0,070718534;0,6582445;0,074393;0,0
524;17,467;-0,03327011;0,0073805153;;-0,004663942;-0,026643647;0,13616818;0,6308766;0,13993114;0,54655427;0,05114729;;0,02214145;-0,21444486;0,027616555;-0,036961045;0,413872;-0,0025781156;0,25885978;-0,0039971317;0,7780762;0,0063139503;0,0
525;17,497;-0,04326285;0,021932563;-0,011195211;-0,031278763;-0,04941881;0,13071479;0,6312469;0,13995671;0,5467847;0,055427734;-0,0051430613;0,028125124;-0,15661053;0,0288579;-0,022952788;0,44282874;-0,0035038705;0,260385;-0,0042882618;0,83703077;0,0023109103;0,0
526;17,537;-0,046236813;0,055559;-0,03808217;-0,12733376;-0,0561479;0,1306698;0,6317788;0,14000024;0,54711396;0,060480066;;0,03344154;-0,09278818;0,033013746;-0,008969106;0,46092677;-0,007772306;0,2806264;0,031029942;1,0503057;-0,0022598668;0,0
527;17,567;;0,16807714;-0,08106057;-0,43045482;0,06544941;0,13065706;0,6322603;0,14000118;0,5472608;0,06403271;-0,0018990003;0,034922317;-0,04828208;0,051729042;-0,0040911934;0,4624183;-0,010076317;0,2905773;0,05541392;1,1047271;-0,003989976;0,0
528;17,597;0,03324932;0,2850974;-0,12125007;-0,765258;0,19626783;0,12709677;0,6327267;0,13997754;0,54743755;0,06692137;-0,0020310818;;-0,0021721625;0,0854018;-0,007669421;0,45351666;-0,0112112295;0,2820894;0,10195108;1,1563224;-0,007486425;0,0
529;17,637;;0,37568605;-0,16210374;-1,0;0,30576032;0,12680998;0,6333693;0,13994417;0,5475929;0,068505794;-0,0034708888;0,029728042;0,06745927;0,15223926;-0,026357323;0,43983328;-0,013320883;0,2873327;0,13748223;1,2599032;-0,009129142;0,0
530;17,677;;0,3840167;-0,17684335;-1,0;0,3862889;0,09361113;0,634005;0,13988926;0,54771274;0,06872476;-0,004957065;0,025043461;0,12976989;0,21155292;-0,046586003;0,4229506;-0,019567532;0,2761841;0,1620369;1,3344194;-0,008512383;0,0
531;17,707;0,11371589;0,34034076;-0,14874671;-0,9977675;0,44764268;0,013636391;0,6344515;0,13983712;0,5478573;0,068040416;-0,006103124;0,022806378;0,17154561;0,23970918;-0,05896312;0,42647862;-0,013655717;0,27719396;0,1621395;1,3611869;-0,0071013365;0,0
532;17,737;0,07333918;0,2131058;-0,12930076;-0,6827702;0,33175114;-0,09692672;0,6348961;0,13979767;0,5480257;0,06726439;-0,007358275;0,022577096;0,19757743;0,24958403;-0,07222646;0,43585998;-0,009384515;0,27166122;0,1624081;1,3916056;-0,00340829;0,0
533;17,767;0,02822395;;-0,066902235;-0,3226085;0,1696184;-0,09919469;0,63533115;0,13975114;0,54828626;0,067234136;-0,0075188903;0,025427196;0,20769086;0,23152123;-0,07472408;0,44342268;-0,007078785;0,26661402;0,1669932;1,4107786;-0,0016375501;0,0
534;17,797;-0,030663207;-0,050769337;0,017720189;0,0531732;-0,03327955;-0,09383954;0,6357483;0,13975307;0,5486369;0,068338044;-0,0064082206;0,030649593;0,21255027;0,18959594;-0,06206434;0,46576717;-0,0010426189;0,2481404;0,1806939;1,3935663;0,0029233373;0,0
535;17,827;-0,0102919685;-0,0674431;0,008634301;0,10684495;0,009203591;-0,09117146;0,63624096;0,13971892;0,54896325;;-0,0046659913;0,03572673;0,21848193;0,14148057;-0,04384055;0,47765872;0,0020029505;0,24138203;0,1920133;1,405665;0,005378853;0,0
536;17,857;-0,03196115;-0,05946695;0,017198524;0,08690695;-0,04074205;-0,08836774;0,6367322;0,13971214;0,5492614;0,07238069;-0,003650435;0,038921755;0,22792232;0,1057343;-0,033275872;0,4784278;0,0047753626;0,22699758;0,2211922;1,402176;0,008304494;0,0
537;17,887;;-0,09322897;0,027237386;0,17037791;-0,010658609;-0,095756054;0,6372318;0,13970283;0,5495586;0,07417128;-0,0025830169;0,040880896;0,24408486;0,07796988;-0,023556298;0,4784278;0,0047753626;0,22699758;0,2211922;1,402176;0,008304494;1,0
