step;ros_timestamp;ft_wrench_fx;ft_wrench_fy;ft_wrench_fz;ft_wrench_tx;ft_wrench_ty;ft_wrench_tz;current_absolute_pose_x;current_absolute_pose_y;current_absolute_pose_z;current_twist_vx;current_twist_vy;current_twist_vz;current_twist_wx;current_twist_wy;current_twist_wz;action_f_x;action_f_y;action_f_z;action_t_x;action_t_y;action_t_z;reward
1;0,0373;0,09842304;0,016893458;0,048616078;-0,030687772;0,1562137;0,01351207;0,6182616;0,12092606;0,5429512;0,005110055;0,0007811106;;-0,057498902;-0,028702622;0,00295942;0,18995486;0,12010261;-0,09640066;-0,11968027;-0,5087829;0,059870146;0,0
2;0,0771;0,070514835;0,0085813105;0,044036523;-0,016917836;0,114755325;0,05688789;0,6184182;0,121009596;0,5429116;0,01427942;0,004654057;-0,009105833;-0,09588809;-0,027425023;;0,20864405;0,12214759;-0,09435568;-0,112982966;-0,5493507;0,065152556;0,0
3;0,1071;0,08098135;0,018695334;0,03180069;-0,022010442;0,1279168;0,11849173;0,61854565;0,121068515;0,5428457;0,01940914;0,0072161197;;;-0,026295107;-0,012658923;0,22104378;0,12979954;-0,09160568;-0,11305426;-0,55091923;0,06417222;0,0
4;0,1372;0,13764258;-0,038289197;0,2996378;0,04347447;0,19921649;0,112260155;0,6187218;0,12109942;0,5427411;0,023778247;0,009469187;-0,012553952;-0,11526153;-0,026246937;;0,23324943;0,13571881;-0,08568642;-0,11328495;-0,5559944;0,07121266;0,0
5;0,1771;0,08885696;0,039775345;0,039107256;-0,06078303;;0,12750518;0,61905295;0,12113204;0,54256105;0,030441381;0,011411658;-0,013537374;-0,120975204;-0,024439426;-0,01858799;0,23286806;0,15353252;-0,08012761;-0,109145746;-0,54663116;0,05663984;0,0
6;0,2071;0,084395;0,035448305;;-0,05322428;0,13630441;0,12875114;0,61929315;0,12116016;0,5424341;;0,0136099635;-0,014154849;-0,122319095;-0,02248732;-0,019034095;0,22794129;0,1527082;-0,07850095;-0,10927966;-0,54957736;0,054798454;0,0
7;0,2371;0,07072082;0,013933915;0,037838332;-0,015108622;0,1108805;0,12961465;0,61954015;0,12120653;0,5422816;0,03392668;0,0155597655;-0,014599946;-0,122953;-0,020247009;-0,01881124;0,21531132;0,15930933;-0,076801784;-0,12072661;-0,58899194;0,050589178;0,0
8;0,2671;0,09140147;0,021268347;0,027753051;-0,027663661;0,15229623;0,12714528;0,6198003;0,121253274;0,5421556;;0,017082846;-0,014524589;-0,12681939;-0,020476393;-0,0192273;0,22288077;0,16096438;-0,0775977;-0,12086606;-0,59205985;0,048671756;0,0
9;0,2971;0,080296464;0,038935583;0,027815625;-0,058444068;0,12273306;0,1282926;0,6200266;0,12134301;0,5420762;0,035241276;0,01810696;-0,014651104;-0,13101463;-0,019582195;-0,020907411;0,21777529;0,15696216;-0,08159993;-0,12098496;-0,57016575;0,041930698;0,0
10;0,3271;0,065447256;0,015330528;0,045339588;-0,019284619;0,10548023;0,12526023;0,620293;0,12144575;0,5419382;0,035364553;0,018771041;-0,015146936;-0,1339739;-0,01770619;-0,022381434;0,22086516;0,15471013;-0,08385196;-0,12098679;-0,5702061;0,04190549;0,0
11;0,3572;0,08286922;0,031954173;0,056732953;-0,050802987;0,12733226;0,1239134;0,6205426;0,12157299;0,54182535;0,035584774;;-0,015200008;-0,13654101;-0,01889387;-0,022159005;0,22681555;0,14375062;-0,08990952;-0,12756097;-0,5759492;0,033209864;0,0
12;0,3872;0,07447885;0,066478565;0,03216897;-0,108630605;0,12071067;0,124301225;0,62079674;0,12171321;0,54167444;0,036189746;0,019186568;-0,015942035;-0,14003117;-0,016535986;-0,023028705;0,22971009;0,13813452;-0,093074635;-0,13188183;-0,58930874;0,035072576;0,0
13;0,4172;0,053003676;0,053230952;0,023765849;-0,08133871;0,07554366;0,12712817;0,62101334;0,12183396;0,541602;0,03649751;0,018757349;-0,016490864;-0,14465977;-0,01625784;-0,023630356;0,2341292;0,13994455;-0,09616656;-0,1315793;-0,58265305;0,039232362;0,0
14;0,4572;0,06993679;0,035573155;0,065073684;-0,05562516;0,10993599;0,12365726;0,6213749;0,12198428;0,5414042;0,037149824;0,018245004;-0,016995868;-0,14944023;-0,016857836;-0,02458389;0,20690754;0,16501747;-0,078446575;-0,13124773;-0,5753586;0,033578977;0,0
15;0,4971;0,089921154;0,024598274;0,04483298;-0,033089604;0,14411722;0,124038;0,6216945;0,12214067;0,5412995;0,03715635;0,018965432;-0,017075242;-0,15248144;-0,015288181;;0,1418447;0,19843167;-0,054836307;-0,13096908;-0,59373796;0,06294155;0,0
16;0,5371;0,05737234;0,039087877;0,03441994;-0,057615235;0,08930716;;0,6219833;0,12234681;0,54117805;0,03438436;0,02114396;-0,015621229;-0,15439291;-0,016561652;-0,023427429;0,10566392;0,22395991;-0,03911199;-0,14863753;-0,6311367;0,1263729;0,0
17;0,5771;0,07247071;0,016847987;0,03604278;-0,015591847;0,118376404;;0,62221074;0,12258818;0,5410843;0,029754343;0,024741784;-0,01376168;-0,1604929;-0,016022896;-0,019376459;0,088291265;0,24667153;-0,040910166;-0,15532602;-0,6475646;0,13653031;0,0
18;0,6172;0,058722246;0,043510217;0,033476844;-0,06371967;0,09120962;0,1253548;0,62239957;0,12286305;0,5410156;0,024806332;0,02882615;-0,011790199;-0,17134339;-0,018575579;-0,016156733;0,09516597;0,26936945;-0,040271062;-0,16663042;-0,67567307;0,15981217;0,0
19;0,6572;0,062181853;0,036765303;0,01971542;-0,05254349;0,10081923;0,12681216;0,6225631;0,12321914;0,5409279;0,021434963;0,032481883;-0,011033153;-0,18205184;-0,016960928;-0,013736863;0,11895183;0,2810608;-0,040834595;-0,17359765;-0,6655536;0,18145545;0,0
20;0,6872;0,059470396;0,017274406;0,05444347;-0,022666015;0,094826;0,12705596;0,62271357;0,12344525;0,5408661;0,020547658;0,03521097;-0,010426069;-0,19163214;-0,017289696;-0,011848923;0,1316438;0,27981257;-0,04453383;-0,18041356;-0,6847847;0,16943604;0,0
21;0,7271;0,060691774;0,04451351;0,036709003;-0,06681057;0,099156834;0,12967582;0,622934;0,1237833;0,54077613;0,020709667;0,037925802;-0,009828414;-0,20349555;-0,018239358;-0,0094381245;0,14697404;0,2797062;-0,04954215;-0,1785142;-0,6675084;0,17512749;0,0
22;0,7671;0,09089829;0,009286132;0,05482948;-0,005525825;0,13841787;0,12889892;0,6231058;0,124158;0,54073167;0,021530353;0,039694663;-0,009893814;-0,21214561;-0,017493652;-0,00800535;0,15276024;0,27119914;-0,058049217;-0,17877835;-0,67331964;0,1766017;0,0
23;0,7971;0,07635938;;0,017293809;-0,08829378;0,121949404;0,12965229;0,62327623;0,124422394;0,54064006;0,022438003;0,0400421;;-0,21633603;;;0,13958314;0,26395655;-0,06284084;-0,17891257;-0,6517628;0,15943748;0,0
24;0,8271;0,07669549;0,032877658;0,055969547;-0,047378555;0,12295645;0,13173491;0,62343085;0,12466305;0,54057527;0,022828488;0,04005955;-0,010946325;-0,2191437;-0,01690857;-0,008724389;0,13909413;0,25023845;-0,06430403;-0,17891528;-0,65182227;0,1594003;0,0
25;0,8671;0,09249144;;0,043147393;-0,0321178;;0,13473998;0,6235969;0,12503794;0,540523;0,022978112;0,039408524;-0,0116896285;-0,2219101;-0,016485007;-0,0083358325;0,14383207;0,24099836;-0,0637402;-0,18547376;-0,6082003;0,17134541;0,0
26;0,9072;0,07962137;;0,02112452;-0,05226548;0,12323347;0,12686796;0,623806;0,125367;0,5404247;0,023253132;0,038232636;-0,011877803;-0,22628823;-0,01779317;-0,008389943;0,15161262;0,21559007;-0,069540635;-0,18521504;-0,60250854;0,14937168;0,0
27;0,9371;0,08780943;0,044681713;0,026691139;-0,06622888;0,13791075;0,13137944;0,6239561;0,12563255;0,5403271;0,023454703;0,03667709;-0,012228084;-0,22918867;-0,01818627;-0,0092950845;0,17313397;0,2116997;-0,06852907;-0,17374684;-0,619816;0,15387316;0,0
28;0,9672;0,17351171;0,04776319;-0,12732348;-0,06694775;0,4371204;0,13677429;0,6241223;0,12582552;0,5402459;0,023882248;0,03494114;-0,012860828;-0,22753437;-0,01671329;-0,012695698;0,19764788;0,1969401;-0,06858278;-0,1736148;-0,59240144;0,13526382;0,0
29;1,007;0,41066486;0,10218251;-0,5910921;-0,19989628;1,0;0,15841722;0,6242137;0,12596908;0,54016054;0,01861155;0,028085066;-0,01543572;-0,21891901;-0,0004627973;-0,07110107;0,25436902;0,18457302;-0,063792996;-0,15995856;-0,5370619;0,10857648;0,0
30;1,037;0,5345701;0,1326036;-0,8930152;-0,26738024;1,0;0,16660136;0,62419045;0,12603071;0,54003733;0,010978681;0,021048386;-0,018522423;-0,20644182;0,021500437;-0,14479636;0,23978668;0,17401509;-0,062096026;-0,15978724;-0,5087834;0,085400894;0,0
31;1,0671;0,5869722;0,14043102;;-0,29412735;1,0;0,17454135;0,6241012;0,12605503;0,53990525;0,00027120096;0,014183408;-0,02175804;-0,19320981;0,045378953;-0,2227899;0,22459435;0,17321678;-0,06289433;-0,1597594;-0,50817096;0,08578367;0,0
32;1,0971;0,58366835;;-1,0;-0,073582076;1,0;;0,62393266;0,1260804;0,53974175;-0,011117039;0,008274208;-0,024264004;-0,18302615;0,062477197;-0,2923557;0,23644954;0,15695868;-0,06689753;-0,1665304;-0,4692243;0,074381866;0,0
33;1,1271;0,3865151;-0,1353961;-0,9409558;0,46474347;1,0;0,14166908;0,6237172;0,12613198;0,539644;-0,018665634;0,004217802;-0,022870826;-0,18185516;0,04612879;-0,3346041;0,23633872;0,1547061;-0,0691501;-0,16660774;-0,47092593;0,07331836;0,0
34;1,1571;0,13960764;-0,24324708;-0,47243944;;;0,11907662;0,6235665;0,12623788;0,5396832;-0,01881549;0,0046335957;-0,017591732;-0,18898565;-0,0035004087;-0,32126915;0,21276483;0,1535503;-0,07520788;-0,17356595;-0,49328756;0,06955475;0,0
35;1,1971;-0,046782803;0,04367409;-0,08069185;-0,0075244852;-0,121001184;0,12700139;0,6236516;0,12650505;0,53959256;-0,0077380347;0,011518986;-0,011223465;-0,2042673;-0,06077958;-0,22162868;0,19039407;0,1683638;-0,080002226;-0,17389703;-0,52508116;0,090533435;0,0
36;1,2271;;0,023970647;0,0056296196;-0,009978918;0,07143172;0,1328737;0,623803;0,12664753;0,53943276;0,0020578955;0,016251883;-0,012799782;-0,20865317;-0,04780584;-0,15661384;0,15698372;0,20857151;-0,05695137;-0,17854485;-0,57014346;0,09811294;0,0
37;1,2571;0,013869581;0,05572172;-0,011730572;-0,06940146;0,03279582;0,13173437;0,6239267;0,12677747;0,5393176;0,008385655;0,020556558;-0,012928268;-0,21292469;-0,03923948;-0,11389857;0,14315473;0,23364745;-0,04413032;-0,19662395;-0,64108646;0,17632261;0,0
38;1,2871;0,018047947;0,05040751;0,018380582;-0,06835577;0,04311035;0,13039418;0,6240539;0,12698269;0,53916454;0,012084649;0,02500319;-0,01212881;-0,22189124;-0,03422872;;0,13916598;0,24714978;-0,042882897;-0,19669002;-0,64254;0,21115759;0,0
39;1,3272;0,023926834;0,043861117;0,005534192;-0,05688993;0,049421612;0,13248377;0,6242216;0,127272;0,53901476;0,015339105;0,03005108;-0,011275109;-0,23285058;-0,028106745;;0,13369536;0,2766702;-0,030519368;-0,21011332;-0,6682445;0,2665792;0,0
40;1,3672;0,091087654;0,044328284;-0,10866101;-0,048346605;0,24364297;0,13498138;0,6243637;0,12759005;0,53890866;0,016568068;0,03429489;-0,010226375;-0,24362311;-0,025093561;-0,031218573;0,116295986;0,2925309;-0,009756699;-0,22114363;-0,6903233;0,30384204;0,0
41;1,4072;0,29006028;0,0925448;-0,34023568;-0,18513896;0,8208133;0,14888386;0,62443215;0,12784041;0,53883654;0,012364593;0,03549374;-0,009886946;;-0,013304087;-0,05134604;0,0979571;0,29486978;0,0146410335;-0,20975493;-0,7093796;0,3174629;0,0
42;1,4472;0,40278906;0,11844315;-0,6123496;-0,25270352;1,0;0,15166423;0,6243621;0,1280701;0,53876305;0,0025601115;0,03315035;-0,010936366;-0,25357717;0,015000041;-0,10956903;0,094793975;0,29901496;0,01878621;-0,20274647;-0,6940825;0,3270236;0,0
43;1,4871;0,45957488;;-0,69599164;-0,048618346;;0,15115944;0,62420684;0,1283188;0,53867507;-0,009323429;0,030102575;-0,010502132;-0,24847367;0,027430158;-0,17280942;0,11102287;0,29206395;0,016737154;-0,19574206;-0,6707045;0,3518473;0,0
44;1,5171;0,23378785;-0,0871505;-0,48896447;0,3132652;0,6983688;0,15118559;0,6240596;0,12848929;0,53864336;-0,016378524;0,028358333;-0,007085768;;0,009301196;-0,20590605;0,13470665;0,29195797;0,026435098;-0,20218992;-0,6573285;0,36020726;0,0
45;1,5671;0,02205965;-0,012342567;-0,09903065;0,11507216;0,06638184;0,14206387;0,6239472;0,12896326;0,5386499;-0,012084489;0,032861676;-0,0010990864;-0,25012636;-0,029762566;-0,16151828;0,15105295;0,2834489;0,025278974;-0,19541048;-0,6634094;0,36151293;0,0
46;1,5971;;0,05918051;0,00054145785;-0,084957644;0,0345609;0,13927127;0,6240297;0,12926237;0,5386039;-0,0033796998;0,037237678;0,00025861355;-0,2512974;-0,030741282;-0,108886026;0,14983018;0,2835617;0,035195682;-0,20216528;-0,6812962;0,35543987;0,0
47;1,6371;0,0015661347;0,04069861;0,0009879463;-0,05086544;0,018631423;0,13820672;0,6241409;0,12964734;0,5385893;0,005622995;0,04093454;0,0015283976;-0,2535039;-0,026443737;-0,0608516;0,12093192;0,30147532;0,04085441;-0,20683992;-0,69426894;0,3422257;0,0
48;1,6671;0,021821752;0,04512223;0,035628747;-0,06056892;0,04892982;0,13517968;0,62429535;0,12991197;0,5385451;0,009419364;0,043582685;;-0,25660434;-0,023532141;-0,035162874;0,10489102;0,30472505;0,036751192;-0,20256399;-0,7145778;0,3397451;0,0
49;1,7071;0,014859411;0,03968902;0,013862071;-0,04826649;0,037874453;0,13551375;0,6244025;0,13032047;0,5385954;0,01213006;0,04603976;0,0033628452;-0,2588572;-0,023189995;-0,013615709;0,08560817;0,30873063;0,055462647;-0,20289615;-0,69737554;0,3453903;0,0
50;1,7471;0,026999447;;0,034092955;-0,053296078;0,05333224;0,13071522;0,6245295;0,13076726;0,5385956;0,012768657;0,048132766;0,0048325984;-0,26015434;-0,02305803;0,0019177025;0,08082816;0,32690176;0,076084785;-0,21433622;-0,75297844;0,3310633;0,0
51;1,7772;0,00971744;0,042391773;;-0,05713434;0,031803753;0,13331796;0,6246042;0,13106629;0,53867394;0,012762345;0,049827475;0,00623906;-0,26390597;-0,021605143;0,009377762;0,08554373;0,3398138;0,09389877;-0,20784372;-0,74903256;0,3284233;0,0
52;1,8071;0,043660857;0,043103073;-0,009099376;-0,06605836;0,108379595;0,13366288;0,62468004;0,13144489;0,5387359;0,012435272;0,05240383;0,008891745;-0,2666065;-0,021337038;0,0155660035;0,0847852;0,34535158;0,101887524;-0,20342502;-0,75803006;0,29216257;0,0
53;1,8472;0,15478006;0,059758775;-0,16910562;-0,105776854;0,404199;;0,6247575;0,13190182;0,538843;0,010429751;0,052750934;;;-0,014971266;0,0039755115;0,090697475;0,3455835;0,10211946;-0,20339333;-0,75733304;0,29259825;0,0
54;1,8771;0,2201809;0,085303776;-0,31168523;-0,17318304;0,602156;0,13358358;0,6247675;0,13223161;0,53891176;0,006760248;0,051800556;0,010261156;-0,26186854;-0,008527692;-0,019705908;0,10188552;0,3459851;0,09026616;-0,20320833;-0,7042434;0,295142;0,0
55;1,9171;;0,09170477;-0,43993315;-0,21703045;0,78830695;0,13793541;0,62473;0,1326339;0,5389814;0,0006982991;0,049102947;0,0087198485;-0,25649294;0,009030062;-0,06410551;0,087889016;0,33852163;0,09750855;-0,18954396;-0,6977451;0,29409721;0,0
56;1,9572;0,2758171;0,10755746;-0,44342715;-0,25006443;0,8061302;0,13533689;0,6246528;0,13303882;0,5390438;-0,005276761;0,046741296;0,007532193;;;-0,10027107;0,08174547;0,31530923;0,09390399;-0,18921164;-0,7149436;0,28845438;0,0
57;1,9971;0,21464872;0,09214217;-0,29877654;-0,21469544;0,6100421;0,13538086;0,62454057;0,13340396;0,5391384;;;0,0065305843;-0,2398413;0,033792853;-0,1224987;0,07242004;0,31051853;0,09646624;-0,18892424;-0,68411094;0,28219375;0,0
58;2,0271;0,0517689;;-0,083702706;-0,0664118;0,174919;0,13709001;0,6244922;0,1337292;0,5392286;-0,0075728837;;0,0075303805;;0,029279837;-0,111261964;0,0845756;0,2968058;0,0974594;-0,18434797;-0,66513246;0,29405528;0,0
59;2,0571;0,017471207;0,05122941;-0,0044286223;-0,08371814;0,043715272;0,13722889;0,62452;0,13407788;0,5393337;-0,0028378803;0,0456333;0,009603482;-0,23685457;0,016183566;-0,078391194;0,10385579;0,28511885;0,08332145;-0,17090023;-0,6143802;0,29513818;0,0
60;2,0972;0,027254641;0,03300828;0,029170405;-0,04936137;0,05778383;0,13421604;0,62456083;0,13449378;0,5395053;0,0029673658;0,046766825;0,011087941;-0,23196912;0,003739724;-0,04310054;0,12795115;0,29402778;0,09468138;-0,17098692;-0,6162873;0,27862763;0,0
61;2,1272;0,021271423;0,028131142;0,01201117;-0,0404738;0,048622135;0,13568112;0,6246441;0,13483052;0,53956956;0,0072526904;0,0473393;0,012051981;-0,22742361;;-0,025316525;0,12968943;0,29628062;0,104287155;-0,1710643;-0,61798996;0,26735106;0,0
62;2,1572;0,007906309;0,048633624;0,00994379;-0,07586506;0,019104965;0,13593599;0,6247633;0,13515717;0,5396135;0,010644499;0,047899418;;-0,22416137;;-0,012974866;0,1320031;0,30478835;0,1103439;-0,17802256;-0,6321828;0,2533743;0,0
63;2,1871;0,017267657;0,041340526;0,00948884;-0,06212558;0,046392754;0,13526149;0,62487084;0,13547094;0,5396742;;0,049004868;0,014176725;-0,22363769;-0,010935484;-0,0015048052;0,12827298;0,30304897;0,101251595;-0,17153482;-0,62834114;0,25066915;0,0
64;2,2171;0,0103728175;0,04609985;0,011845407;-0,07436413;;0,13502766;0,6250109;0,1358452;0,5397289;0,015649911;0,049790893;0,014811059;-0,22249138;-0,013244073;0,006268951;0,11096715;0,31103778;0,10678941;-0,17186068;-0,61100024;0,24618858;0,0
65;2,2471;0,00035046277;0,046561427;0,016007276;-0,07269192;0,014126561;0,13196164;0,6250939;0,13619475;0,5398636;0,016378004;0,05065222;0,015544912;-0,22054702;-0,016068736;0,011501509;0,079058975;0,3276255;0,12827912;-0,17879876;-0,657429;0,25291407;0,0
66;2,2972;0,09509734;0,08742738;-0,12136996;-0,1790445;;0,1298278;0,625285;0,13674876;0,5400225;0,0154984;0,051713135;0,016714875;-0,22122064;-0,017276285;0,013266171;0,062554836;0,3260692;0,11936986;-0,19005811;-0,66003674;0,26149663;0,0
67;2,3371;0,22945528;0,14206591;-0,3486815;-0,34510443;0,662789;;0,62528926;0,13717341;0,5401662;0,0088862;0,04990495;0,014885688;-0,22201094;0,003468976;-0,020048179;0,08310515;0,3201537;0,11590536;-0,18332776;-0,6426881;0,26723334;0,0
68;2,3771;0,3510075;0,16587733;-0,5457182;-0,4043627;1,0;0,12798046;0,62522846;0,13755727;0,5402514;-0,00033233195;0,046283696;0,011391595;-0,21968038;0,031578038;-0,07245266;0,10230119;0,31459537;0,12015094;-0,18981354;-0,6791659;0,26485956;0,0
69;2,4071;0,32521397;0,11785476;-0,5820077;-0,30437234;0,96602684;0,12690635;0,6251407;0,13784151;0,54029405;-0,0067320843;0,042691935;0,009633954;-0,21847682;0,046342403;;0,106303565;0,31297067;0,120977215;-0,19638571;-0,660355;0,25619155;0,0
70;2,4371;0,27285695;0,1228319;-0,5371973;-0,29401565;;0,13319707;0,62503123;0,13811335;0,540387;-0,01137714;0,04061724;0,009007458;-0,22098018;0,05175622;-0,14464112;0,12579358;0,29902437;0,11928582;-0,19606173;-0,65322745;0,26064625;0,0
71;2,4671;0,15527484;0,06262827;-0,28028917;-0,14838618;0,49373072;0,13483942;0,62496006;0,13837373;0,54049534;-0,011757245;0,040015116;0,009391396;-0,22487001;0,049726814;-0,14902733;0,12028696;0,29982543;0,12498884;-0,19586396;-0,62436664;0,26336563;0,0
72;2,4971;0,04432149;0,039228;-0,021747613;-0,068251535;0,13982971;0,13548452;0,6249362;0,13870192;0,54065096;-0,0070035127;0,041352663;0,011455746;-0,23027442;0,037230343;-0,12491949;0,10094844;0,28912947;0,1363517;-0,18890084;-0,63457674;0,2569843;0,0
73;2,547;0,009560594;0,0413877;-0,00019059198;-0,058991726;;0,13682343;0,62503386;0,13926497;0,54088753;0,00303971;0,04502325;0,015262866;-0,23667222;0,015275406;-0,06377473;0,07951691;0,29258862;0,15206574;-0,18874446;-0,65564615;0,25913456;0,0
74;2,5772;0,016592374;0,03876895;-0,00022124972;-0,059323896;0,040120136;0,13929471;0,6250762;0,13956267;0,54103297;0,0055831536;0,046261095;0,017762572;-0,23779063;0,004504443;-0,040338013;0,05398024;0,30795452;0,17478457;-0,18874864;-0,68024784;0,24375848;0,0
75;2,6171;0,027717423;0,042095773;0,03692614;-0,06842672;;0,13570532;0,6251704;0,13996767;0,54114187;0,0068228184;0,047762785;0,02077915;;-0,0035569048;-0,020085063;0,06251835;0,31839153;0,17051572;-0,19559698;-0,7001923;0,24150564;0,0
76;2,6472;0,010606544;0,033059034;0,026833277;-0,056424852;0,02361315;0,13493372;0,625252;0,140353;0,5412257;0,007516952;0,049332023;0,0228412;-0,24093886;-0,008590604;-0,008456213;0,07189909;0,30636764;0,17074671;-0,19569936;-0,7024449;0,22988534;0,0
77;2,6771;0,027561065;0,031834226;0,044780858;-0,056111947;0,056541603;0,13280183;0,6253464;0,14064161;0,54134846;0,008545566;0,050246734;0,024258655;-0,24375242;-0,011853682;0,00015775088;0,09246125;0,31166825;0,1809493;-0,19601133;-0,73381805;0,23580815;0,0
78;2,7071;0,01419536;0,04938709;0,0066546546;-0,07679702;0,03857961;0,13423729;0,6254298;0,14098385;0,5415155;0,010170561;0,050752863;0,02552057;;-0,013363274;0,0053822505;0,09577147;0,31871623;0,18554628;-0,21403722;-0,7790805;0,22283773;0,0
79;2,7472;0,018233348;0,044327907;-0,0014220078;-0,06569581;0,039924555;0,13239439;0,6255323;0,14146529;0,5418016;0,011964622;0,05156473;0,027043423;-0,2529206;-0,015112561;0,010155664;0,1038062;0,2931922;0,16982618;-0,21433638;-0,78566194;0,22893679;0,0
80;2,7871;0,047449715;0,085591026;-0,087895565;-0,17582706;0,14818738;0,13408358;0,6256521;0,14190586;0,54202616;0,012349917;0,050639674;0,02680925;-0,2611165;-0,011839735;0,0072264946;0,08927477;0,28763318;0,16671814;-0,196703;-0,7735446;0,22629768;0,0
81;2,8271;0,1495396;0,10484044;-0,24014029;-0,25365365;0,4172155;0,13303976;0,62569726;0,14232555;0,5422557;0,01010021;0,0484244;0,024900788;-0,25935143;0,0019160503;-0,009354957;0,06553149;0,27964765;0,16853653;-0,1967405;-0,79887915;0,22578223;0,0
82;2,857;0,22441658;0,20469463;-0,38439542;-0,49853063;0,65213454;0,13104664;0,62569463;0,14258705;0,5423979;0,005185093;0,045470804;0,022641676;;0,01881002;-0,03592579;0,05232568;0,27531832;0,17156014;-0,18992956;-0,7797577;0,21730831;0,0
83;2,8871;0,19181976;0,15339294;-0,43009496;-0,38042086;0,57331735;0,1293745;0,62561315;0,14285827;0,5425155;-0,0012680419;0,042640496;0,020047598;-0,24498801;0,039085314;-0,06389723;0,050081298;0,27411655;0,17280936;-0,18983911;-0,77776754;0,22876458;0,0
84;2,9171;0,19746736;0,16557336;-0,34472904;-0,41388363;0,5667968;0,13127755;0,6255201;0,14316435;0,5426598;-0,0062476406;0,041591894;;-0,23981753;0,046570536;-0,07526558;0,055918172;0,2791303;0,192529;-0,1895437;-0,7957784;0,21750778;0,0
85;2,9471;0,16700087;0,19768089;-0,2961483;-0,49050796;0,5260808;;0,62544733;0,1434123;0,5428192;-0,008507712;0,0401896;0,01820068;-0,23471181;0,06031489;-0,08855167;0,070218146;0,2803344;0,19863507;-0,20048441;-0,84856546;0,21004693;0,0
86;2,9771;0,03981446;0,05893272;;-0,13524768;0,14262356;0,12925674;0,62536716;0,14370899;0,5430323;-0,00746098;0,040516984;0,018892853;-0,23567818;0,063886166;-0,084421195;0,08451305;0,26874286;0,20665134;-0,20016925;-0,84163195;0,19906172;0,0
87;3,0071;-0,000107531705;0,041422255;0,0004123319;-0,06836252;0,016846916;;0,6253859;0,14404188;0,54326445;-0,0028133525;;0,02292674;-0,24180453;0,0417084;-0,05740741;0,08607708;0,26546216;0,2107236;-0,1956087;-0,82299936;0,20049468;0,0
88;3,0371;-0,0029826812;0,058523588;0,002021342;-0,09760769;0,005269108;;0,6254342;0,1443498;0,5435068;0,0017103469;0,043094803;0,026129138;-0,24500029;0,025245797;-0,03673873;0,06819288;0,24019119;0,21976636;-0,19543768;-0,8437468;0,19263376;0,0
89;3,0772;0,020496277;0,029759228;-0,003928013;-0,04678815;0,04695125;0,13671301;0,625478;0,14474541;0,54380643;0,0050115283;;0,02941619;-0,24714772;0,009574808;-0,017910691;0,04455562;0,19891888;0,22751366;-0,19542526;-0,8679831;0,14174259;0,0
90;3,1171;0,004147568;0,05461239;0,004775738;-0,08891082;;0,13851434;0,6255415;0,14508933;0,5440793;0,005671526;0,0403597;0,032125838;;-0,0010902627;-0,007284429;0,025521405;0,17920204;0,22985563;-0,1888899;-0,88760394;0,11416092;0,0
91;3,1471;0,023830004;0,04182974;0,012351448;-0,07055457;0,04990113;0,13433425;0,6255835;0,14530614;0,54427475;0,005444272;0,037766933;0,033384982;-0,2469467;-0,004745614;-0,0034255746;0,020011911;0,14368257;0,2384538;-0,18235852;-0,8991423;0,106949456;0,0
92;3,1771;0,0024623538;0,05143739;0,0068695685;-0,08375012;0,008659784;0,1330169;0,62563175;0,1455249;0,5444647;0,005031718;0,034622867;0,034856647;-0,243667;-0,0089539485;0,00016244322;0,025341913;0,10380705;0,23044103;-0,1715353;-0,93063945;0,025989233;0,0
93;3,2171;0,039226856;0,054016758;0,033556048;-0,087944314;0,06861698;0,13462394;0,6256594;0,14575526;0,5448264;0,004692135;0,029384637;0,03600683;-0,23633216;-0,012313284;-0,00049274304;0,04429926;0,093371645;0,22735858;-0,1718612;-0,9378092;-0,0040229294;0,0
94;3,2473;0,0059606927;;0,024652796;-0,07392742;0,013719944;0,12997586;0,6257094;0,14590083;0,54506767;0,005343055;0,025389975;0,03619542;-0,23069453;-0,013264057;-0,002922539;0,052724835;0,09314224;0,22958015;-0,17197521;-0,9403173;-0,00559044;0,0
95;3,2871;0,019561691;0,039327607;0,022016514;-0,059075214;0,038109317;0,13008492;0,6257366;0,1460977;0,5454471;0,006332399;0,022129595;0,036503434;-0,22589964;-0,015035329;-0,0020337165;0,06401785;0,08049128;0,23408605;-0,16772419;-0,9611739;-0,008413428;0,0
96;3,3271;0,01572445;0,044272617;0,012349664;-0,070243016;0,035729576;0,13353106;0,62584406;0,1462513;0,5457854;0,00889293;0,018701496;;-0,22189686;-0,017307771;;0,061776873;0,06834901;0,24155162;-0,16109364;-0,94602096;-0,009155242;0,0
97;3,3671;0,04911246;0,10547676;-0,10829805;-0,24243888;0,12078225;0,12922423;0,6259044;0,14638658;0,5461393;0,008842372;0,016339645;0,03733072;-0,21549174;-0,013121476;-0,005476725;0,037812732;0,052348897;0,25496328;-0,15429826;-0,9599211;-0,0076304534;0,0
98;3,3971;0,06673707;0,2648837;-0,30530038;-0,6559585;0,20125307;0,12767324;0,6259301;0,14642672;0,5463238;0,0057442733;0,01391451;0,03515;-0,20578013;0,010978893;-0,014828673;0,017860183;0,054680545;0,25729492;-0,1495939;-0,9626346;-0,0042201853;0,0
99;3,4271;0,0794088;0,31022397;-0,44840837;-0,803961;0,22178428;0,1235278;0,6258592;0,14646225;0,5465045;-0,00043414574;0,0123804435;0,031336684;-0,19407533;0,047738023;-0,024194233;0,01095159;0,051235463;0,25139886;-0,14271924;-0,942111;-0,0016053229;0,0
100;3,4672;0,13130291;0,45533568;-0,59761006;-1,0;0,36724567;0,11956636;0,6257165;0,14658365;0,5466643;-0,009483566;0,011087275;;-0,17727979;0,1084945;;0,020246806;0,01879973;0,2459239;-0,13570324;-0,92664766;0,0029530425;0,0
101;3,4972;0,11150243;0,42512497;-0,62370163;-1,0;0,34724912;0,120881766;0,6255844;0,14660089;0,5467371;;0,0089289285;0,019261444;-0,16333658;0,15429151;-0,04899591;0,026097355;0,015093991;0,24221817;-0,13558093;-0,92395693;0,004634772;0,0
102;3,5371;0,1411339;0,2706428;-0,4160432;-0,75278205;0,41602668;0,12147344;0,6254129;0,14663146;0,5467907;-0,019782536;0,0056952303;0,01623993;-0,1512819;0,17916548;-0,06436707;0,05776109;0,0039709355;0,24089904;-0,1419529;-0,92525136;0,008931932;0,0
103;3,5672;0,08212334;0,14079711;-0,23549703;-0,37907532;0,25396624;0,12667389;0,6253683;0,14659947;0,54689187;-0,017536474;0,0030274524;0,017746009;-0,15084212;0,1668763;-0,07040108;0,0628323;0,0015772737;0,23850538;-0,14193451;-0,9248469;0,009184757;0,0
104;3,5973;-0,0022204858;;0,004779813;0,033328254;0,015361479;0,13683043;0,62536675;0,14658138;0,5470959;-0,012572867;0,0012526896;0,022592837;-0,15490289;0,12564203;-0,06499962;0,06529471;-0,0016003639;0,23532774;-0,14195755;-0,9253536;0,008868046;0,0
105;3,6271;0,008413827;0,06300849;-0,0012382142;-0,11891339;0,026262205;0,13283966;0,62539804;0,1465936;0,54733264;-0,006318517;0,0009195296;;;0,08326461;-0,047089756;0,055102758;-0,0046680337;0,23961301;-0,14880587;-0,9452979;0,006615267;0,0
106;3,6571;-0,0019571893;0,055808134;0,0068078996;-0,09723114;0,006751697;0,13282678;0,62541866;0,14656419;0,5475835;-0,0018040951;0,00029694062;0,030472323;-0,16484489;0,056874912;-0,035329737;0,034579173;-0,0040925657;0,2499924;-0,13571985;-0,97603273;-0,02791262;0,0
107;3,6871;0,0050449064;0,051489066;0,010333234;-0,09396514;0,02033061;;0,6254387;0,1465411;0,5478275;-0,0030900873;0,00045505213;0,029569337;-0,16310321;0,0647297;-0,039035056;0,021891398;-0,0028390735;0,2635008;-0,14253591;-0,9707572;-0,029721607;0,0
108;3,7171;0,014204157;0,029113078;0,013558348;-0,05013806;0,031606384;0,13535888;0,62545604;0,14657186;0,54805464;0,001464784;-0,0006873215;0,036053594;-0,16695812;0,01915498;-0,023761824;7,975487e-05;0,0021733942;0,2758662;-0,14954895;-1,010665;-0,044451628;0,0
109;3,7572;0,019153511;0,04963963;0,002639192;-0,08436271;0,04015878;0,13598171;0,62551993;0,1465453;0,54836047;0,0015075993;-0,00071263174;0,039389882;-0,17176773;0,00429893;-0,019080322;-0,017086985;0,008232267;0,28927803;-0,14312842;-1,0328122;-0,073612235;0,0
110;3,7871;0,030579502;0,028185805;0,009831702;-0,049180605;0,055115584;0,13792397;0,6255311;0,14655545;0,54858917;0,0006211689;-0,00055533083;0,041456077;-0,17284517;-0,0024540902;-0,018138016;-0,03043459;0,011390109;0,30714175;-0,13654268;-1,0676644;-0,064757556;0,0
111;3,8271;0,009073215;0,07913649;-0,045666777;-0,17549273;0,013999092;0,13546756;0,62553525;0,1465717;0,5489265;-0,0010738887;;0,044529855;-0,17011817;-0,009016526;-0,017906863;-0,019761493;0,0144714285;0,3053211;-0,149949;-1,1011657;-0,039739974;0,0
112;3,8671;-0,0036154643;0,17836244;-0,1644673;-0,433576;-0,014045169;0,13278788;0,6255141;0,14659488;0,5492949;-0,003769586;0,00057822233;0,044078555;-0,16889969;0,0079720365;-0,015722102;-0,016376836;0,013895046;0,29984275;-0,14313793;-1,1065508;-0,03799951;0,0
113;3,8972;0,010098766;0,18190467;-0,17144762;-0,45501038;0,008938567;0,13315319;0,62545836;0,14658733;0,5495657;-0,0059673376;0,0015629963;0,042143386;;0,02872053;-0,012256306;-0,03727541;0,024591953;0,2933828;-0,16738892;-1,1335365;-0,054865543;0,0
114;3,9271;0,045959666;0,057289552;-0,08141989;;;0,13550216;0,62535757;0,14660995;0,5498937;-0,0077433;0,0021583913;0,041155446;-0,17288932;0,038418617;-0,012562305;-0,046125676;0,032140814;0,28867677;-0,1717182;-1,1389115;-0,0429063;0,0
115;3,9571;0,031121194;0,04168601;;;;;0,62528986;0,1465891;0,550263;-0,008133674;0,0022487978;0,042669617;-0,18347214;0,025874019;-0,015624334;-0,07188651;0,03098419;0,28752014;-0,18475468;-1,1315964;-0,023015719;0,0
116;3,9871;0,029462572;0,03461554;0,01252673;;0,05807843;0,13503528;0,62520707;0,14658946;0,55064946;-0,008515206;0,0024567074;0,0440002;-0,19569941;0,013584061;-0,016256096;-0,08124709;0,027824959;0,28436092;-0,18902838;-1,1439184;-0,020504585;0,0
117;4,0171;0,036090232;0,029756416;;-0,052134853;0,06553346;0,13586622;0,6251125;0,14658411;0,5510424;-0,009595669;0,0026097791;0,045048784;-0,20781675;0,002748418;-0,016188277;-0,08207337;0,03209643;0,28127944;-0,18880388;-1,1389797;-0,022524027;0,0
118;4,0472;0,016407397;;0,035584107;-0,035875857;;0,13334422;0,62504584;0,14658542;0,5513148;-0,010538443;0,002983218;0,04551683;-0,21689256;-0,0041922517;-0,015180959;-0,0698128;0,02451489;0,28105083;-0,17761227;-1,1378622;-0,021825643;0,0
119;4,0872;0,04052917;0,016510334;0,0096957;-0,0274563;0,072899796;0,13591258;0,62496763;0,14659989;0,5517146;-0,010553186;0,0030725407;0,045953546;-0,22088103;-0,010816769;-0,0136998985;-0,042895406;0,031477872;0,2782099;-0,18428452;-1,121253;-0,0216573;0,0
120;4,1273;0,023124227;0,039968997;0,028227687;-0,07445868;0,045183185;0,13700995;0,62489283;0,14661759;0,55211943;-0,009852817;0,00300063;0,046106983;-0,2241173;-0,014941978;-0,01443805;-0,023877494;0,036488425;0,28322044;-0,18443373;-1,1245356;-0,023708874;0,0
121;4,1574;0,024029827;0,031194936;0,018197244;-0,051900472;0,042983327;0,13344188;0,62483364;0,14666907;0,5524489;-0,0076529756;0,0033564195;0,046469808;-0,22794515;-0,01773476;-0,014597312;-0,016696047;0,04009254;0,28927556;-0,18470761;-1,1305609;-0,022368517;0,0
122;4,1971;0,015875591;0,03594615;0,007057926;-0,0609926;0,03114297;0,13300325;0,6247812;0,14669773;0,5529102;-0,0062235235;;0,04698004;-0,23016258;-0,01986327;-0,013309075;-0,031937554;0,04978091;0,30631685;-0,19617939;-1,1705217;-0,03202541;0,0
123;4,2271;0,014325159;0,019837711;0,022887597;-0,033062905;0,027126877;0,13466433;0,62476224;0,14672528;0,55322915;-0,0056058737;0,0046485593;0,047746256;-0,23499912;-0,019928891;-0,0132202525;-0,04430255;0,056138363;0,30777234;-0,20305555;-1,1583985;-0,02955461;0,0
124;4,2671;0,025079537;0,039932437;0,013694389;-0,069032475;0,047699537;0,13312632;0,62472236;0,14677672;0,5536555;-0,005601463;0,00577946;0,04920212;;-0,022342756;-0,012377375;-0,059854615;0,04820932;0,30964723;-0,20330893;-1,1639726;-0,033038475;0,0
125;4,2971;0,03086955;0,036962528;0,011502052;-0,055468485;;0,131299;0,62469107;0,14681543;0,55396104;-0,0063087847;0,0064814608;0,049791753;-0,24890064;-0,02214216;-0,010858;-0,07469294;0,051550377;0,31298828;-0,20788349;-1,2074238;-0,039770577;0,0
126;4,3371;0,03517284;0,059408534;0,010314392;-0,09394693;0,0643534;0,1317265;0,62464255;0,14686519;0,5543832;-0,007977662;0,0068620834;0,05051294;-0,25559688;-0,022199769;-0,011445201;-0,06392778;0,04563555;0,29972053;-0,2145219;-1,2227496;-0,039136812;0,0
127;4,3771;0,0033946037;0,039702915;0,039581016;-0,06863561;0,006932399;0,1341699;0,6245653;0,14694385;0,5548111;;0,006864473;0,050609495;;-0,023086686;-0,011615853;-0,043074507;0,040074226;0,29906115;-0,2076382;-1,1775178;-0,03639794;0,0
128;4,4071;;;0,02635836;-0,036687497;0,024195263;0,13758363;0,6245166;0,14699318;0,5551445;-0,008161878;0,00661337;0,050454162;-0,26575127;-0,023184676;-0,011750613;-0,035826817;0,038455147;0,29989305;-0,21421053;-1,1587101;-0,034855586;0,0
129;4,4371;;0,044372987;0,012048053;-0,07919862;0,0765257;0,13605265;0,62447137;0,14703508;0,55549246;-0,0074841958;0,006118193;0,050359227;-0,26845688;-0,023125662;-0,012824232;-0,03270483;0,039220806;0,3031097;-0,22057095;-1,1679205;-0,040612034;0,0
130;4,4671;0,015740862;0,025770718;0,014031781;-0,044692192;0,02579057;0,13801727;0,62442386;0,14706269;0,55584717;-0,006878688;0,0057580275;0,05050047;-0,27316523;-0,023677144;-0,01359227;-0,0382303;0,03267288;0,3063657;-0,22037321;-1,1880798;-0,04810544;0,0
131;4,497;0,011934327;0,027719837;0,014219197;-0,047593642;0,020308977;0,13939005;0,62438333;0,14708461;0,5561926;-0,0066252523;0,00516992;0,05073247;;-0,024132246;-0,01520562;-0,06248187;0,03913731;0,32263404;-0,2200948;-1,181955;-0,05959607;0,0
132;4,5271;0,034755073;0,039749227;0,0045124455;-0,06605291;0,055645272;0,1367908;0,6243382;0,14714485;0,55652374;-0,0073839;0,005362237;0,051582128;-0,27988952;-0,023539238;-0,0143230455;-0,072672725;0,043842576;0,32488832;-0,22447108;-1,172024;-0,058495365;0,0
133;4,5571;0,0092446115;0,039268848;0,018565454;-0,06759384;0,014494126;0,13594262;0,6242747;0,14715554;0,55689913;-0,008361316;0,0052253823;0,052280538;-0,28313693;-0,023496883;-0,016281873;-0,088989116;0,044999275;0,33094698;-0,22437656;-1,1699445;-0,072514355;0,0
134;4,5871;0,0045193066;0,032324363;0,015459793;-0,05087299;0,010561839;0,13481674;0,6241993;0,14717944;0,5572775;-0,009671193;0,00551904;0,052927144;-0,28602093;-0,022883402;-0,016407492;-0,08654017;0,028550316;0,3292039;-0,21994308;-1,178617;-0,08304087;0,0
135;4,6171;0,025424123;0,036230452;0,023152469;;0,041965272;0,134383;0,6241165;0,14720982;0,5576591;-0,010767935;0,0053860466;0,05356355;-0,28701845;-0,02330883;-0,015899546;-0,07142583;0,021826176;0,32738173;-0,21342285;-1,1740611;-0,08529957;0,0
136;4,6471;0,020878581;0,04916828;0,004000903;-0,079562455;0,03799128;0,13082325;0,6240079;0,14724667;0,5580707;-0,011044695;0,004860971;0,05394465;-0,28555146;-0,02345367;-0,015495226;-0,06532631;0,017151656;0,32515818;-0,21352507;-1,14363;-0,09691744;0,0
137;4,6771;0,009204522;0,04493179;0,0114123635;-0,0686595;0,017705707;0,13111785;0,6239498;0,14726031;0,55843776;-0,010964778;0,004132742;0,05405091;-0,28368765;-0,023334898;-0,016032957;-0,033318248;0,015091608;0,3157452;-0,20715287;-1,1423304;-0,12674245;0,0
138;4,7071;0,014807509;0,023762068;0,005031799;-0,03945544;0,032585822;0,13396208;0,6238854;0,14727631;0,5587956;-0,009710604;0,0034860384;0,05357804;-0,28050527;-0,021954209;-0,01673218;-0,026760025;0,012333384;0,310536;-0,20289706;-1,1304017;-0,1448181;0,0
139;4,7371;0,009108057;0,04502859;0,01474122;-0,076258965;0,01910511;0,13216594;0,6238558;0,1472701;0,5591496;-0,0082067475;0,0028866886;0,05313403;-0,27624205;-0,021939069;-0,01792253;0,0041156304;-0,040152553;0,25559908;-0,19651155;-1,1206397;-0,15914166;0,0
140;4,7771;0,019820044;0,020871153;0,01455726;-0,03243856;0,036435403;0,13158359;0,62382936;0,14724892;0,55957055;-0,00565221;0,0004967248;0,050877694;-0,27001634;-0,022015555;-0,019481577;0,0058803763;-0,05551755;0,22797918;-0,20784418;-1,0758399;-0,19241627;0,0
141;4,8071;0,01286681;0,035434373;0,026734889;-0,06051334;0,022609666;;0,6238124;0,14721276;0,55988115;-0,0037047348;-0,002495293;0,047769632;-0,26896837;-0,022713292;-0,022059847;0,0006170128;-0,06693829;0,22391139;-0,20342258;-1,0929435;-0,22863713;0,0
142;4,8471;0,011164604;0,016533686;0,017950628;-0,023193698;0,022387562;0,13327791;0,6238379;0,14713362;0,5602036;-0,0019774619;-0,0059383954;0,044369005;-0,26799282;-0,024099108;-0,024859093;-0,00576018;-0,112739876;0,20997255;-0,20339304;-1,0922941;-0,25376225;0,0
143;4,8771;0,009844854;0,03429336;0,0021273694;-0,058738567;0,017086133;;0,6238391;0,14707315;0,5604442;-0,0013357914;-0,00909931;0,04210162;;-0,02484155;-0,02581123;0,009244692;-0,13028736;0,17281722;-0,19652307;-1,0473639;-0,31759265;0,0
144;4,9171;0,01165088;0,03360202;0,015826609;-0,055532258;0,023603085;0,13700446;0,62385267;0,14697127;0,5607323;-0,00036544667;-0,014190439;0,03771998;-0,2629112;-0,023998987;-0,031901866;0,023274843;-0,14487849;0,15822609;-0,18508677;-1,0081835;-0,36459184;0,0
145;4,9571;0,02599984;0,019954465;0,016356004;-0,033540487;0,046870276;0,13338572;0,6238641;0,14688885;0,56096;0,0010264219;-0,0180197;0,034065805;-0,25634181;;-0,035721857;0,04413475;-0,17068216;0,17408907;-0,16692893;-0,9926978;-0,40086913;0,0
146;4,9874;0,02270737;0,022828026;;-0,03676637;0,035326295;0,13609636;0,6238961;0,14682154;0,5611424;0,0026043626;-0,021313235;0,032451585;-0,24573782;-0,024546437;-0,039801143;0,06491799;-0,18223237;0,16744083;-0,16674647;-0,96417403;-0,42389145;0,0
147;5,0171;0,010314718;0,050195687;0,0127643775;-0,08402247;0,016881892;0,13586596;0,62390804;0,14671141;0,5614008;0,004602476;-0,024605816;0,031265076;-0,23575197;-0,024837311;-0,044210352;0,070628;-0,19631065;0,16806842;-0,14869677;-0,8938778;-0,47186807;0,0
148;5,0574;0,03636247;0,04879699;0,0128632905;-0,07985754;0,05871365;0,13562804;0,62401116;0,14651695;0,56159556;0,007044461;-0,02836588;0,029770253;-0,22124289;-0,023424335;-0,049763042;0,0692853;-0,19689104;0,16993903;-0,14193411;-0,9003282;-0,4810058;0,0
149;5,0971;0,017283231;0,049225096;0,013778453;-0,07926845;0,03157699;0,1333078;0,62409645;0,14622946;0,56185585;0,008849377;-0,03114531;0,028766679;-0,20579167;-0,021991186;-0,053637914;0,0549952;-0,22051534;0,16347158;-0,13088049;-0,8532271;-0,51284206;0,0
150;5,1271;0,010968475;0,05245201;0,012202283;-0,086216986;0,019788299;0,13279915;0,624168;0,14597169;0,562033;0,009305333;-0,03309001;0,028129436;-0,19355248;-0,021579092;;0,046741914;-0,22521873;0,16612114;-0,11758899;-0,82225186;-0,52411985;0,0
151;5,1572;0,034048654;0,041017417;;-0,07018511;0,05835659;0,13213144;0,62422824;0,14572436;0,5621967;0,00923006;-0,03522486;0,027565062;-0,17951451;-0,021121306;-0,05701675;0,041212603;-0,25578943;0,17476611;-0,09558163;-0,8037762;-0,5381036;0,0
152;5,1871;0,011034332;0,046490304;0,0019798414;-0,07272702;0,022139672;0,13162231;0,6242677;0,14546967;0,5624255;0,009001111;-0,037885327;0,027479328;;-0,020669434;-0,05884901;0,048235368;-0,25649294;0,17161164;-0,09577815;-0,8080998;-0,52038103;0,0
153;5,2172;0,021202734;0,037783377;0,020459581;-0,05975191;0,038550533;0,13250346;0,624338;0,14520092;0,5625894;0,009028586;-0,04005274;0,027542002;-0,14609188;-0,021182874;-0,05902398;0,060678806;-0,26692492;0,17343456;-0,08941969;-0,8234424;-0,5248639;0,0
154;5,2571;0,010279291;0,05633512;0,0077497675;-0,08852307;0,02059118;0,12966745;0,62441057;0,14480156;0,5628533;0,009683394;-0,04277501;0,02734776;-0,1289318;-0,019922119;-0,06031285;0,0696749;-0,2835005;0,17156488;-0,08967279;-0,8290105;-0,5385564;0,0
155;5,2871;0,0036244164;;0,021339059;-0,075231336;0,008064109;0,13265336;0,62446404;0,14450721;0,5630778;0,010313268;-0,044775598;0,02726317;-0,119566984;-0,01973098;;0,07220062;-0,2797959;0,17526944;-0,0830542;-0,84680027;-0,53946257;0,0
156;5,3171;0,032877948;0,041643042;;-0,06593646;0,0607141;0,13088208;0,62453514;0,14419456;0,5632743;0,011068759;-0,04616255;0,02727312;-0,11111328;-0,019447304;;0,06829312;-0,26742494;0,18273847;-0,078651525;-0,8561505;-0,5402003;0,0
157;5,3471;-0,070069924;0,12973505;-0,17639229;-0,31101972;-0,2221318;0,1301103;0,6245966;0,14388958;0,5634669;0,010700741;-0,046276186;0,026831688;-0,10231402;-0,013588327;-0,055882145;0,05737777;-0,26621923;0,18639514;-0,0786038;-0,85510045;-0,52933156;0,0
158;5,3771;-0,15017077;0,22396287;-0,406363;-0,55773383;-0,4809688;0,13016757;0,6245988;0,1436991;0,56361276;0,0069741057;-0,043663744;0,024346448;-0,09380479;0,009519026;-0,035576686;0,036533948;-0,25821042;0,20175691;-0,078404635;-0,85071903;-0,54701805;0,0
159;5,4171;;0,33117062;-0,6541159;-0,86034405;-0,8697169;0,12748085;0,6244746;0,14351389;0,5637205;-0,001785704;-0,037158877;0,019219011;-0,0843024;0,05784009;0,013784933;0,022376508;-0,24778147;0,21463683;-0,07810183;-0,876737;-0,5428544;0,0
160;5,4571;-0,17384563;0,22473054;-0,60259616;-0,58895445;;0,13134496;0,6242205;0,14336494;0,5638929;-0,011200728;-0,030651284;0,015741983;-0,07785918;0,09594972;0,061199978;0,025172561;-0,24836212;0,1993503;-0,06440134;-0,81225437;-0,54340243;0,0
161;5,4972;-0,17874576;0,13106734;;-0,34837225;-0,64440244;0,13385433;0,6240064;0,14305422;0,56414104;-0,016082127;-0,02847546;0,016168255;-0,07013772;0,09709061;0,07513226;0,04126997;-0,2425761;0,20268534;-0,06412301;-0,80613106;-0,5395754;0,0
162;5,5371;-0,14011073;0,10499281;-0,33320922;-0,255511;-0,52474105;0,13685507;0,6238703;0,14276332;0,564406;-0,01610097;-0,026502755;0,017982516;-0,06547392;0,08501476;0,091524385;0,061046667;-0,2533889;0,19677447;-0,07065156;-0,8190403;-0,53743124;0,0
163;5,5672;-0,030433793;0,035911955;-0,19272034;-0,0662565;-0,18894988;0,13447236;0,6238025;0,14253286;0,56459856;-0,013676303;-0,028229346;0,020358652;-0,06528625;0,065959275;0,07974156;0,06612455;-0,25579044;0,19192196;-0,06394874;-0,82680696;-0,5371792;0,0
164;5,6071;0,006768962;0,029706921;-0,0679034;-0,041409567;-0,06509263;;0,6238255;0,14215496;0,5647881;-0,008326325;-0,032909065;0,024312697;-0,06498485;0,032425355;0,046236154;0,06645631;-0,2605718;0,19204256;-0,0640198;-0,8283703;-0,5381563;0,0
165;5,6471;0,03982119;0,027068112;0,0024913342;-0,04783905;0,048810888;0,13987985;0,623861;0,14174193;0,56501406;-0,002268956;-0,037434958;0,02620267;-0,061773356;0,016225247;0,013703321;0,05060004;-0,25979853;0,19281587;-0,064238355;-0,83317846;-0,5513738;0,0
166;5,6771;0,05416014;0,046532772;0,01010902;-0,08395094;0,0747652;0,13523014;0,6238793;0,14143565;0,5652743;0,00086329645;-0,040483117;0,027587675;-0,060163055;0,0054349145;-0,008569803;0,030036904;-0,25528482;0,17281975;-0,042268984;-0,7910288;-0,5403489;0,0
167;5,7071;0,03787763;0,04623031;0,00020661768;-0,08297365;0,04038972;0,13080607;0,62389547;0,14113897;0,56549174;0,002423344;-0,042551342;0,0277212;-0,05264998;-0,0010087633;-0,02488208;0,02185058;-0,25497603;0,17312855;-0,046925843;-0,8036104;-0,54310614;0,0
168;5,7371;0,029104486;;-0,04244304;-0,14592773;0,015713252;;0,6238863;0,14084549;0,5656916;;-0,043634225;0,027245762;-0,04585219;-0,0032513319;-0,034621038;0,022038136;-0,2613115;0,15453818;-0,036084015;-0,81018823;-0,5523235;0,0
169;5,7671;-0,01397233;0,0795358;-0,10757232;-0,16823548;-0,09496549;0,1361056;0,6238819;0,1405735;0,5658589;0,0023235914;-0,044062693;0,026387641;-0,04084574;-0,0026256212;-0,038151126;0,0270501;-0,25646633;0,1520304;-0,031720486;-0,7958899;-0,5638119;0,0
170;5,8071;;0,13827589;-0,30184764;-0,32324734;-0,32700086;0,13347024;0,62384355;0,14027242;0,5659944;-0,0009931409;-0,041949093;0,022528194;-0,027601302;0,010476392;-0,022255454;0,046787944;-0,25168604;0,1543597;-0,031853992;-0,798827;-0,57586;0,0
171;5,8472;-0,17853522;0,18506394;-0,41370028;-0,4667079;-0,6001655;0,13381787;0,62375915;0,14003083;0,5661088;-0,004498171;-0,03771891;0,018841343;-0,019528365;0,031911425;0,008738911;0,056433853;-0,26226047;0,14623627;-0,03182423;-0,8226821;-0,59076947;0,0
172;5,8874;-0,15452163;0,18839715;-0,446062;-0,4927456;-0,5620732;0,12774089;0,6236514;0,13980384;0,56625134;-0,0077923294;-0,033967264;0,015095446;-0,013719454;0,054374997;0,039757665;0,059373368;-0,26187512;0,10495495;-0,013813257;-0,70421845;-0,598429;0,0
173;5,9172;-0,16986457;0,15159997;-0,41096145;-0,39811653;-0,5828267;0,13208649;0,6235683;0,13958026;0,5663348;-0,0093612885;-0,03246346;0,011591352;-0,0055090175;0,066863894;0,054033913;0,045336045;-0,2717931;0,090135;-0,0068333815;-0,6568703;-0,5943675;0,0
174;5,9471;-0,08135109;;-0,31716567;-0,23172662;-0,34442553;0,13143352;0,62348264;0,13930218;0,5664193;-0,0102233095;-0,032436658;0,00936281;0,003606292;0,064969026;0,058610752;0,03266085;-0,2852542;0,07912487;-0,006633164;-0,6524656;-0,6324642;0,0
175;5,9771;-0,038817704;0,035172783;-0,22548775;-0,0829402;-0,23081338;0,13200714;0,62341297;0,13901307;0,5665348;-0,01020328;-0,03433107;0,008650993;0,010142022;0,051331792;0,051957116;0,020035068;-0,29816556;0,034350775;-0,006318314;-0,6210291;-0,653666;0,0
176;6,0172;-0,019479234;0,02094034;-0,14089969;-0,021130482;-0,15382011;0,11782437;0,62334406;0,13862477;0,5666102;-0,009225119;-0,038121812;0,007306762;;0,025856227;;0,017613368;-0,30123955;0,028825818;-0,006094127;-0,56707734;-0,66079587;0,0
177;6,0572;-0,02808765;0,024550237;-0,09469433;-0,03395205;-0,15135866;0,08874808;0,62331486;0,1381831;0,5666418;-0,007746981;-0,041810095;0,0058980733;;0,00684063;0,019168388;0,032035645;-0,32761708;0,017154157;-0,00601611;-0,4591518;-0,6750418;0,0
178;6,0972;0,018137854;0,0031356388;-0,0057070153;-0,0037420732;-0,008957772;0,056754842;0,62329;0,13772754;0,5666764;-0,0049657845;-0,046075802;0,00458026;0,014463593;-0,0036812397;0,00022298517;0,06267131;-0,31379288;0,0015665903;-0,0061034826;-0,3221851;-0,6762431;0,0
179;6,1371;0,008882149;0,022278015;-0,008544812;-0,040268242;-0,038906273;0,031792473;0,62333316;0,13726883;0,566674;-0,00028457335;-0,049621817;0,0029926943;0,010767389;-0,008626891;-0,017799558;0,0927459;-0,3054271;0,0074813855;-0,0063345036;-0,2864179;-0,6794197;0,0
180;6,1773;-0,0033159237;0,017436888;-0,07300462;-0,03417851;-0,08583944;0,010461789;0,62339926;0,13682684;0,566633;0,0036868593;-0,05109892;0,0016612831;0,0060595674;-0,008266516;-0,025629807;0,10043791;-0,2998731;0,020388322;-0,0066520683;-0,26889452;-0,6735738;0,0
181;6,2174;-0,0663567;0,029292786;-0,21876518;-0,061657228;-0,28145897;-0,002538852;0,6234597;0,13641398;0,56665695;0,005712545;-0,050409686;;0,00057184167;-0,007289003;-0,021987405;0,09289752;-0,28454453;0,025912995;-0,0069778827;-0,2678925;-0,6984786;0,0
182;6,2473;-0,11976584;0,052411485;-0,32835427;-0,12123305;-0,46281943;-0,012229663;0,6234757;0,13624723;0,5666473;0,0040993225;-0,047561143;0,00086821517;-0,0034938883;-0,0015039919;-0,0040655485;0,07957755;-0,27941725;0,023687318;-0,0070917374;-0,2703973;-0,7000441;0,0
183;6,2772;-0,16767888;0,09165897;-0,4941194;-0,22665524;-0,6378793;-0,0214616;0,62342757;0,13602181;0,5666157;0,00026978223;-0,043220818;-0,00068659964;-0,007002596;0,010416187;0,023734994;0,06178172;-0,28393206;0,016721541;-0,0072967135;-0,3320963;-0,72839355;0,0
184;6,3072;-0,210192;0,097437814;-0,58840865;-0,24353689;-0,78418314;-0,017617702;0,62331456;0,13584775;0,56662357;-0,0052648876;;-0,002709114;-0,009658146;0,022851435;0,053282354;0,06747078;-0,2793406;0,009058091;-0,0073487945;-0,37409177;-0,72910964;0,0
185;6,3371;-0,18118043;0,05388809;-0,56312275;-0,117399044;-0,7237053;-0,0174157;0,62318;0,13564956;0,5665993;-0,010031441;-0,035169724;-0,004215473;-0,012263957;0,028234413;0,08042642;0,079908215;-0,29016334;-0,00176465;-0,007302337;-0,4220893;-0,72847086;0,0
186;6,3671;-0,1555598;0,03463736;-0,46814904;-0,08057208;-0,6281953;-0,015549883;0,62304956;0,13542138;0,5666043;-0,012481521;-0,033826206;-0,004918117;-0,014577188;0,02379752;0,09249577;0,089661434;-0,29745322;-0,018858459;-0,0072392304;-0,44521078;-0,74292177;0,0
187;6,3971;-0,1014035;-0,023863677;-0,34336197;0,0736539;-0,47967368;-0,0113379145;0,6229841;0,13512102;0,56658334;-0,0121882595;-0,03408195;-0,0054691327;-0,016373502;0,015858369;0,09499501;0,11453191;-0,29733607;-0,04080013;-0,0069906823;-0,3825532;-0,7395042;0,0
188;6,4271;;-0,024417732;-0,2568964;0,08589405;-0,28244942;-0,00704173;0,6229271;0,13485089;0,5666161;-0,009420188;-0,03580588;-0,00579351;;0,0024158538;;0,12632091;-0,2987881;-0,049605098;-0,006800346;-0,35385597;-0,7470995;0,0
189;6,4571;-0,0012144234;-0,019238118;-0,16778493;0,08259501;-0,13408017;-0,0025403786;0,6229559;0,13450062;0,5665442;-0,005257349;-0,039164767;-0,0060870997;-0,017967653;-0,010129565;0,062377565;0,14964892;-0,29330137;-0,061275225;-0,0064686676;-0,3138793;-0,79870725;0,0
190;6,4871;0,033109773;;-0,1208532;0,05375954;-0,04764698;;0,623008;0,1341516;0,56649584;-0,00030958172;-0,04223019;-0,0066418066;-0,017056076;-0,01904445;0,038099;0,14053889;-0,28959712;-0,06492391;-0,006346905;-0,28669074;-0,81235164;0,0
191;6,5172;-0,006372609;;-0,13606337;0,020631634;-0,13338141;0,0032325627;0,62306774;0,13382727;0,56642437;0,003633257;-0,0444515;-0,007669433;-0,01576154;-0,02235739;0,019072596;0,10865659;-0,27477267;-0,05745241;0,005030164;-0,24881352;-0,82952803;0,0
192;6,5571;-0,061243616;;-0,25876996;0,06605025;-0,27532303;0,027636727;0,6231461;0,13343534;0,5662949;0,0055955998;-0,04500618;-0,00925236;-0,01001042;-0,01963349;0,008438162;0,08582752;-0,26626307;-0,053844754;0,016265173;-0,19772175;-0,8078081;0,0
193;6,5972;-0,14349915;-0,017762441;-0,46533003;0,113449655;-0,5400032;0,028609736;0,62312645;0,13315754;0,5661637;0,0014376654;-0,042115536;-0,009720952;0,00045912655;-0,023172138;0,019267555;0,08224367;-0,25903323;-0,05396787;0,011737652;-0,08490891;-0,80878705;0,0
194;6,6372;-0,18392321;-0,021393623;-0,63461095;0,12664138;-0,68963015;0,026196428;0,623028;0,13292848;0,56604314;-0,005542445;-0,036599353;-0,0102925;0,005095403;-0,025115628;0,052777767;0,09322237;-0,25490767;-0,05719526;0,0115188;-0,06521385;-0,80669004;0,0
195;6,6771;-0,2046642;-0,01219116;-0,6630673;0,11447371;-0,74031883;0,022517692;0,6228582;0,13273035;0,5659364;-0,012482499;-0,0318704;-0,010895501;0,0064758277;-0,025972025;;0,10723558;-0,2520719;-0,056810457;0,017891109;-0,023062276;-0,78545153;0,0
196;6,7172;-0,1183781;0,016582832;-0,53571594;0,0232795;-0,5210804;0,018967953;0,6227067;0,1324363;0,5658537;-0,015266623;-0,029078765;-0,011963528;0,010435445;-0,020343253;0,09464951;0,12410916;-0,25709584;-0,06673637;0,017562281;-0,030296475;-0,76954806;0,0
197;6,7572;;-0,008994259;-0,3505941;0,07129827;-0,37375915;-0,0047928737;0,6226211;0,13209254;0,5657487;;-0,029588567;-0,012634309;;-0,015841834;;0,11672389;-0,25824586;-0,058082458;0,006158077;-0,03609093;-0,76806337;0,0
198;6,7972;0,008522274;-0,023188505;-0,13609165;0,09754686;-0,085090004;;0,6226009;0,13167934;0,56567776;-0,007352089;-0,033374745;-0,011805035;0,01000564;-0,016826041;0,057312403;0,08880421;-0,28263232;-0,07511597;0,0060247243;-0,03902469;-0,75457835;0,0
199;6,8372;0,042733986;-0,0074988143;-0,048804;0,04122311;0,011774032;-0,048753295;0,622688;0,13122201;0,5655397;-0,0011890292;-0,03835095;-0,011198552;0,0050250785;-0,018535467;0,02321606;0,067737654;-0,28920993;-0,076791614;0,017195487;-0,038365956;-0,7541666;0,0
200;6,8671;0,038275145;0,013861972;-0,05107232;-0,0021345522;0,022519555;;0,62272954;0,13091625;0,56541574;0,0015287221;;-0,011576909;0,005138946;-0,016116753;0,00023884696;0,049054228;-0,273694;-0,075981595;0,017290281;-0,036280483;-0,75796944;0,0
201;6,8971;0,02640533;-0,02039348;-0,11977384;0,08112356;-0,031460993;-0,06855979;0,6227938;0,13061859;0,5652536;;-0,044287197;;0,005514847;-0,016098414;;0,030786728;-0,26722318;-0,07196174;0,010865118;-0,030575242;-0,739085;0,0
202;6,9271;-0,009985985;-0,043453403;-0,22660966;0,13536327;-0,13568884;-0,07556902;0,6227996;0,130364;0,5651116;0,0006195476;-0,044924006;-0,011621821;0,0028479106;-0,01759712;-0,021358225;0,03637301;-0,26496872;-0,0795112;0,017676583;-0,027781853;-0,7271267;0,0
203;6,9671;-0,085310884;-0,034712758;-0,38839775;0,12009571;-0,35651332;-0,085594326;0,6227256;0,13005793;0,564991;-0,0038247376;-0,04302974;-0,011764553;-0,00020254204;-0,022242652;-0,011338265;0,05722435;-0,24175522;-0,07345457;0,024693478;-0,020468978;-0,7327686;0,0
204;6,9972;-0,10786321;-0,03807682;-0,4397003;0,13320044;-0,426485;-0,08615627;0,6226496;0,1298452;0,5648929;-0,007511453;-0,039986417;;2,2343891e-05;-0,022649705;0,0035152147;0,069754906;-0,23452394;-0,06867427;0,024980491;-0,0141546875;-0,7390346;0,0
205;7,0271;-0,10179345;-0,013795918;-0,39844605;0,06964306;;-0,08250763;0,6225511;0,129649;0,56482744;-0,009721992;-0,036761362;-0,0121431425;0,00075715285;-0,022678439;0,01892989;0,06898671;-0,22817199;-0,06722427;0,022872033;-0,011521153;-0,71185756;0,0
206;7,0672;-0,08499408;-0,01611145;-0,27155977;0,05349423;-0,34806517;-0,0900924;0,6224709;0,12932678;0,5647344;-0,009972894;-0,0340786;-0,012649333;0,0018858648;-0,015265594;0,028182335;0,054535132;-0,22385724;-0,06781148;0,02517818;0,014704237;-0,6903605;0,0
207;7,1071;-0,0075339526;-0,008625077;-0,16174355;0,030732512;-0,15619127;-0,089994274;0,6224118;0,12896366;0,5646451;-0,00820213;-0,033542737;-0,012314943;0,0029677288;-0,012913018;0,024009734;0,033713415;-0,23033056;-0,08408873;0,025090633;0,04545796;-0,69156426;0,0
208;7,1471;0,014634523;-0,011896966;-0,034400564;0,032179307;-0,04681564;-0,08986602;0,62238866;0,12857035;0,5645719;-0,0049835136;-0,035180185;-0,012710088;0,0054159435;-0,007975809;0,0069690994;0,021631086;-0,2386939;-0,107157946;0,011490651;0,06488584;-0,6692094;0,0
209;7,1771;0,04539784;;0,014876427;0,009906515;;;0,62238383;0,12828761;0,56448615;-0,002879526;-0,037440225;-0,013889444;0,0036317105;-0,0049465992;-0,010257793;0,027035732;-0,22954616;-0,13967688;0,011172697;0,11508038;-0,64294404;0,0
210;7,2071;0,04462197;-0,0027263083;0,0077766115;0,010183842;0,041917432;-0,083010614;0,6224064;0,12798133;0,5643324;-0,0007974931;-0,03927554;-0,01586909;0,0008547452;-0,0030586582;-0,025306614;0,033619836;-0,22871138;-0,15844995;0,017723499;0,12030912;-0,61925125;0,0
211;7,2371;0,03852331;-0,01628806;-0,006754853;0,042950563;0,018954664;-0,084340684;0,6224355;0,12769847;0,5641558;0,0005600867;-0,04023695;-0,018738993;0,0011551982;0,00021139001;-0,035697404;0,05443723;-0,23038638;-0,18218376;0,010733207;0,20345081;-0,6132436;0,0
212;7,2571;0,04115388;-0,024235971;-0,056955475;0,06510995;0,017341;-0,07994692;0,6224626;0,12752041;0,5640321;0,0018353928;-0,040726736;-0,020900538;-0,00050224253;0,0010379428;-0,04007352;0,06479513;-0,22222196;-0,20588209;0,010594276;0,24941394;-0,61515385;0,0
213;7,2871;-0,003022762;-0,052635055;-0,09245241;0,124504015;-0,09487362;-0,0849634;0,62249655;0,12728007;0,5638238;0,0028671806;-0,040490843;-0,024415387;-0,0027441045;0,0010958822;-0,042472165;0,068942904;-0,20626095;-0,20952892;0,0060721613;0,2888163;-0,62627083;0,0
214;7,3273;-0,066718504;-0,06448989;-0,21521755;0,1864711;-0,2799022;-0,08646;0,622521;0,12698457;0,56352454;0,0021309247;-0,037754852;-0,027296387;;-0,0041036946;-0,028482717;0,06663457;-0,16937281;-0,21675843;0,006018774;0,40202087;-0,6167925;0,0
215;7,3671;-0,06173846;-0,102142714;-0,3166926;0,2872246;;-0,08384061;0,6224892;0,12673908;0,563272;-0,00080221414;-0,033025302;-0,029194616;-0,0146933505;-0,011815528;-0,009677226;0,06715764;-0,14126042;-0,24011663;0,0061301375;0,47800028;-0,5999426;0,0
216;7,3971;-0,06446632;-0,12667857;-0,334104;0,36534217;-0,2915247;-0,08446482;0,6224213;0,12662168;0,56305957;-0,0034489932;-0,028833443;-0,030713478;-0,018532835;-0,018878458;;0,07172447;-0,13403255;-0,2524966;0,0063786414;0,61418635;-0,62716293;0,0
217;7,4372;;-0,14050439;-0,33726496;0,40639737;-0,2580594;-0,07768142;0,6223568;0,12641892;0,56277;-0,0063901427;-0,024276298;-0,032630112;-0,022265615;;0,007531257;0,0670223;-0,112750985;-0,25327384;0,0067030196;0,6458324;-0,61759657;0,0
218;7,4672;-0,04425058;-0,13053606;-0,31883585;0,38805988;-0,237582;-0,04902858;0,6223183;0,12627524;0,56252384;-0,007813409;-0,021518797;;-0,023288192;-0,038090494;0,009054606;0,06604161;-0,10620932;-0,26143807;0,0069004316;0,65834546;-0,5893511;0,0
219;7,4971;0,018920917;-0,06744438;-0,2645531;0,25745538;-0,07953633;-0,029954934;0,6222617;0,126145;0,56228745;-0,008602517;-0,019302787;-0,03468075;-0,021657873;-0,042361137;0,0072897454;0,07888601;-0,110231675;-0,26546043;0,007178601;0,6644652;-0,57531387;0,0
220;7,5271;0,008538192;-0,066799805;-0,15289238;0,23637553;-0,05587237;-0,008288433;0,6222281;0,12598477;0,56202716;-0,007482389;-0,019021094;-0,03652953;-0,01712933;-0,039151482;-0,004062091;0,09397358;-0,10513375;-0,26771545;0,0072584576;0,70707166;-0,5742158;0,0
221;7,5572;0,02175263;-0,009865517;-0,054430317;0,07523697;-0,007838696;0,0152881425;0,62223196;0,12584162;0,56176853;-0,00408819;-0,019119881;-0,038420882;-0,011320148;-0,031377856;-0,014766188;0,11025588;-0,091583125;-0,27377266;0,007352523;0,78267056;-0,5320727;0,0
222;7,5972;0,037153818;0,036273494;0,020690177;-0,05675713;0,047321286;0,038140837;0,6223213;0,12563139;0,56132805;0,002803195;-0,019460728;-0,04210694;-0,0008022411;-0,0073898886;-0,03137648;0,092583135;-0,076754875;-0,2981601;0,0072811577;0,83829004;-0,46667328;0,0
223;7,6271;0,057378072;0,028226782;0,03010514;-0,04075683;;0,0408463;0,6223328;0,12549187;0,56109965;0,0064005;-0,019337054;-0,045010794;0,0060876417;0,0071033416;-0,04157506;0,076292485;-0,07329944;-0,29960662;0,0071649095;0,8357326;-0,44274068;0,0
224;7,6571;0,032115202;0,05022005;0,025869403;-0,078292936;0,03742408;0,04106658;0,62237495;0,12537336;0,5607873;0,008377125;-0,019082095;-0,047362052;0,011154014;0,016758062;-0,04914661;0,04103262;-0,0702593;-0,29901746;0,006881376;0,84583473;-0,4108958;0,0
225;7,6871;0,04102176;0,03272725;0,031624705;-0,045691963;0,054846436;0,040377405;0,6224037;0,12525979;0,5604958;0,008650364;-0,018336961;-0,049522188;0,014729186;0,026384441;-0,051604573;0,031642273;-0,059200246;-0,3002133;0,0067500793;0,867456;-0,4024887;0,0
226;7,7171;0,04111104;0,053869437;0,009527691;-0,08214935;0,052033834;0,03411877;0,6223931;0,12519242;0,560195;0,00811105;-0,017508915;-0,050749745;;0,030939152;-0,053769343;0,021315098;-0,03456875;-0,29518965;0,0064213537;0,96643317;-0,3508404;0,0
227;7,7471;0,05444715;0,03943137;0,025195748;-0,062494088;0,076933086;0,025704674;0,6224028;0,1251007;0,5598879;0,007321401;-0,016071351;-0,05176371;0,018177362;0,036213912;-0,055057768;0,022049718;-0,02110784;-0,2768268;0,0062507847;0,9953604;-0,3429733;0,0
228;7,7872;0,032653358;0,030434862;0,028819244;-0,04816378;0,04046772;0,0017837432;0,6224082;0,12504001;0,5595038;0,0063047702;-0,013588111;-0,051619094;0,01755798;0,038911555;-0,054267425;0,035005435;-0,0057490007;-0,2663699;0,0060593598;1,007489;-0,32007432;0,0
229;7,8272;0,036855634;;0,028208524;-0,01621371;0,046587422;-0,019015925;0,6224289;0,124993764;0,55909914;0,006058926;-0,011084146;-0,050736807;0,01490146;0,0414578;;0,0652698;0,004672425;-0,2804583;0,006022649;1,0557009;-0,28483564;0,0
230;7,8572;0,03764626;0,015283222;0,047956217;-0,024633406;0,049635958;-0,036654934;0,6224662;0,1250039;0,5587974;0,0073042857;-0,009279642;-0,05024793;0,011843767;0,04177611;-0,05203816;0,0800321;0,0040832143;-0,27369457;0,006149703;1,1075157;-0,2575576;0,0
231;7,8871;0,033931307;0,022931824;0,028605923;-0,040559255;0,039664425;-0,052219994;0,62257475;0,124983214;0,55841637;0,009151672;-0,007828237;-0,049839213;;0,04211341;-0,050378952;0,08060843;0,0028267321;-0,27250007;0,0062404857;1,1585325;-0,25120312;0,0
232;7,9171;0,033200122;0,034989946;0,036013074;-0,0582419;0,041042008;-0,05537567;0,6226417;0,1249656;0,5580893;0,010584456;-0,006656859;-0,04949147;0,005503999;0,043227967;-0,04796502;0,07960909;-0,0021973485;-0,27752414;0,0065362714;1,2058895;-0,22671123;0,0
233;7,9471;0,041190848;0,00018579359;0,030978763;0,003454701;0,057841677;-0,059831697;0,6227224;0,124932475;0,5577638;0,0116307065;-0,0060389997;-0,049283933;0,0029926365;0,04321615;-0,046093218;0,0734673;-0,005854859;-0,28363264;5,200585e-05;1,275654;-0,20863949;0,0
234;7,9771;0,041972373;;-0,008470415;;0,055128947;-0,072648734;0,6228129;0,124919586;0,5574144;0,012090745;-0,005642535;-0,04929904;-0,0013377711;0,042805884;-0,04357709;0,087001726;-0,011411731;-0,2793856;0,009279497;1,3479397;-0,18899189;0,0
235;8,0071;0,037606884;-0,06756841;-0,080364056;0,20518473;0,048679203;-0,06846928;0,6228674;0,12488725;0,5571079;0,011449773;-0,005435885;-0,048249397;-0,0044409884;0,03257255;-0,04106118;0,09364072;-0,01302751;-0,2760994;0,009383511;1,3747379;-0,17734927;0,0
236;8,0371;0,039329555;-0,12755431;-0,1396924;0,3583296;0,042860035;-0,069893464;0,6228976;0,12483687;0,55685425;0,009723319;-0,00509517;-0,04621006;-0,0071852333;0,013561675;-0,03772377;0,10997808;-0,014699996;-0,265517;0,022922855;1,4520152;-0,16990063;0,0
237;8,0671;0,06416606;-0,163614;-0,22457388;0,47571933;0,10516142;-0,06936649;0,62290025;0,12481894;0,5566485;0,0076966668;-0,004991849;-0,043415267;;-0,009548656;;0,1350095;-0,004083678;-0,24509674;0,022950014;1,428103;-0,16952717;0,0
238;8,1071;0,063721985;-0,18146773;-0,29776213;0,541425;0,10900186;-0,06276354;0,622891;0,12478777;0,55637366;0,005049132;-0,004522757;-0,039256174;-0,004465732;-0,0396486;-0,036780775;0,17543615;0,017095048;-0,22391802;0,016177982;1,4588568;-0,17073084;0,0
239;8,1371;0,07346189;-0,1796448;;0,54402566;0,116641045;-0,05878347;0,62290496;0,12478802;0,5561765;0,0045659174;-0,0032537973;-0,035736695;-0,005424046;-0,058683015;-0,036975827;0,19732627;0,02056163;-0,20574556;0,02263124;1,4701095;-0,16369793;0,0
240;8,1671;0,046928644;-0,171075;-0,30413365;0,5335079;;-0,039972596;0,6229431;0,12477801;0,55599034;0,0054012253;-0,0019254211;-0,03222081;-0,004380529;-0,07354989;-0,0362119;0,19898058;0,022950826;-0,20090538;0,022510817;1,4674602;-0,15514131;0,0
241;8,1971;0,035691787;-0,17400402;-0,33179668;0,52464557;0,016349154;-0,036934733;0,6229653;0,124798425;0,55585974;0,0062502837;-0,0002487534;-0,029579474;-0,002102302;-0,08226915;-0,030956982;0,19675696;0,030184802;-0,17896552;0,022179553;1,4356626;-0,10863407;0,0
242;8,2272;0,007168623;-0,16216917;-0,38982108;0,516067;-0,06638065;-0,03402236;0,6230175;0,12482966;0,5557176;0,0062988326;0,0015967684;-0,027088337;-0,00039496875;-0,08711953;-0,022906462;0,21215975;0,03653507;-0,17016427;0,021987986;1,4314481;-0,08063088;0,0
243;8,2671;-0,04270051;-0,1557355;-0,4477845;0,51646674;-0,21459495;-0,022722779;0,62304676;0,124885194;0,5555775;0,00558414;0,0049905973;-0,024392415;0,0009886984;-0,09100324;-0,0031203292;0,19989425;0,04574837;-0,1437941;0,028419353;1,458559;-0,05858031;0,0
244;8,2971;-0,04835025;-0,16994967;-0,53668314;;-0,24649376;-0,019187316;0,6230672;0,124926336;0,5554669;0,0040093255;0,0080632465;-0,022158664;0,0035750424;-0,093398795;0,01493307;0,18185978;0,061333302;-0,14536604;0,028301742;1,4314618;-0,039772607;0,0
245;8,3272;-0,044561315;-0,19443373;-0,5936952;0,6251402;-0,23334023;-0,019890912;0,623061;0,12498424;0,5553498;-0,00040702015;0,012193213;-0,019208135;0,0059466492;-0,10188347;0,03391947;0,17308016;0,055413697;-0,16108957;0,02834852;1,432491;-0,008492146;0,0
246;8,3672;-0,008394709;-0,17537308;-0,5886326;0,57393146;-0,14828037;-0,021367036;0,6229909;0,12504347;0,55524564;-0,004064225;0,013995855;-0,01796985;0,0069000386;-0,1095778;0,04065232;0,17632008;0,057923373;-0,1708348;0,028411897;1,4338852;-0,007620724;0,0
247;8,4071;0,03581993;;-0,56111205;0,57371527;;-0,019631853;0,6229245;0,12510863;0,55507946;-0,006989577;0,014775544;-0,018394824;0,009771912;-0,107103005;0,03983175;0,20117249;0,07520445;-0,19276941;0,028660677;1,4965479;-0,004199991;0,0
248;8,4471;0,10112578;-0,21679828;-0,3841872;0,6745271;0,17537296;-0,019414773;0,62288284;0,1251267;0,5549294;-0,006167742;0,0140565215;-0,018339261;0,0115115065;-0,115537785;0,02510998;0,21892501;0,08824126;-0,19934043;0,033441115;1,5363581;0,0002564961;0,0
249;8,4872;0,16280161;-0,16664799;-0,2991139;0,5286557;0,3644703;-0,016335532;0,62293726;0,12513055;0,5547462;-0,0013488467;0,01196236;-0,018826012;0,015745437;-0,119601;-0,0035211227;0,18951496;0,09521637;-0,1972673;0,022619959;1,5433908;0,004651874;0,0
250;8,5271;0,18715425;;-0,23703682;0,38451836;0,47206065;-0,036179874;0,62305915;0,12515478;0,554494;0,00330396;0,009712112;-0,020414205;0,018425003;-0,11027048;;0,13148287;0,0904374;-0,19959529;0,011715063;1,5240712;0,0078958385;0,0
251;8,5671;0,19557402;-0,08312003;-0,20887855;0,3062374;;-0,03642597;0,62312466;0,12518673;0,554262;0,0047021094;0,007511425;-0,022248497;0,015626384;-0,09633554;-0,06502378;0,036789272;0,118552275;-0,18128432;0,005124376;1,5097951;0,0091856625;0,0
252;8,6071;;-0,10063144;-0,17503732;0,32294685;0,36874366;-0,059079632;0,62312365;0,12527087;0,5540041;0,0020143986;0,007189275;-0,023510784;0,00901647;-0,08116304;-0,08201049;0,036506068;0,11842318;-0,15445264;0,0050529214;1,3693342;0,008203162;0,0
253;8,6371;0,071792215;-0,09579228;-0,14831108;0,3218264;0,17740844;-0,06217507;0,6230822;0,1253549;0,55383766;-0,00061084266;0,008479535;;0,003064237;-0,07207668;-0,08256661;0,014817824;0,12254302;-0,15523475;0,00483395;1,3645169;0,0051923087;0,0
254;8,6671;0,032487534;-0,07250716;-0,12553665;0,26372054;0,042581517;-0,06190932;0,623059;0,12545548;0,55369604;-0,002454364;0,011342324;-0,021918021;-0,0034617304;-0,06721208;-0,064582124;0,02271142;0,12417867;-0,15605009;0,0046529258;1,3441944;0,0027032208;0,0
255;8,7072;0,009681031;;-0,035128146;0,13035491;;-0,058909763;0,6230435;0,12562779;0,5534704;-0,0031104467;0,014701784;-0,022476895;-0,007837791;-0,049578775;-0,04174622;0,030471403;0,11279882;-0,16742994;0,004320667;1,3368847;-0,0018653371;0,0
256;8,7471;0,03237111;0,027103182;0,022956798;-0,036422305;0,049095005;-0,04741109;0,62306994;0,12574014;0,55323946;-0,0010468437;0,015545769;-0,0241697;-0,0082791075;-0,026284091;-0,032231975;0,02858821;0,11423487;-0,18315075;0,0040221945;1,3303183;-0,005969338;0,0
257;8,7772;0,04254993;0,041967757;0,019484276;-0,05815558;0,058505658;-0,0210479;0,6230912;0,12584502;0,55305135;0,0009484128;0,015776277;-0,026685473;-0,006037708;-0,0059744245;-0,02708194;-0,00398792;0,12093887;-0,17154479;0,0038310355;1,3669626;-0,008597773;0,0
258;8,8072;0,041639395;0,017001126;0,03160261;-0,014993713;0,06360623;-0,012538965;0,62307286;0,12596951;0,5528726;0,0012820894;0,016065123;-0,02817543;-0,0035613151;0,0072951205;-0,024301352;-0,020718178;0,10706629;-0,17071149;0,0037964468;1,3662015;-0,024391992;0,0
259;8,8471;0,028229082;0,042901225;0,025895525;-0,06082751;0,041644644;0,0054677944;0,62308824;0,126092;0,55255795;0,0003222429;0,015959712;-0,029453719;;0,020062989;-0,021227267;-0,043387264;0,09804524;-0,18708548;0,0038266345;1,3505259;-0,023976913;0,0
260;8,8871;0,026944768;0,007694415;0,084853664;-0,012274816;0,026703652;0,010104303;0,6230648;0,12622339;0,5522489;-0,0010421949;0,015531818;-0,031036973;0,0039066803;0,029687617;-0,018652821;-0,07738697;0,09763554;-0,17033832;0,0040104687;1,3300604;-0,021449193;0,0
261;8,9271;0,043278173;0,034330614;0,0421691;-0,051513847;0,061878826;0,015739908;0,6230022;0,12636703;0,5519508;-0,0038292988;0,014759493;-0,031422745;0,0068744672;0,034089506;-0,018120265;-0,06327997;0,10268435;-0,15548559;0,004307931;1,3120947;-0,017359087;0,0
262;8,9571;0,03410669;0,0452388;0,036797214;-0,07067311;0,04474376;;0,6229178;0,12644684;0,55176425;-0,0051708776;0,014722603;-0,031323615;0,008721159;0,0384614;-0,01664005;-0,032600783;0,11610134;-0,1665784;0,0046407506;1,3194168;-0,012782814;0,0
263;8,9871;0,02724706;0,04340175;;-0,059894286;0,037691757;0,010101873;0,62287056;0,1265343;0,55159557;-0,0051889136;0,01511884;-0,031236919;0,0098692;0,040740877;-0,015935684;-0,036335744;0,11435793;-0,1560669;0,0048234756;1,3234367;-0,010270348;0,0
264;9,0271;0,040374376;0,050193597;0,028143734;-0,07649187;0,055486947;0,009258854;0,62281847;0,12666816;0,55136114;-0,004950876;0,015830187;-0,03107979;0,010809059;0,04382713;-0,014323442;-0,040505942;0,09536041;-0,16035853;0,0050470764;1,2956762;-0,007195839;0,0
265;9,0672;0,039923407;;0,047214635;-0,021151729;0,053502116;0,0056165177;0,6227354;0,12681252;0,5511437;-0,004922867;0,015397789;-0,030855943;0,011312114;0,04512909;;-0,004318649;0,082511604;-0,18056029;0,0051246947;1,3218936;-0,006128586;0,0
266;9,0971;0,028353062;0,038402803;0,030115929;-0,06267586;0,0413517;-0,00066360616;0,6227007;0,12688272;0,5509501;-0,0037886943;0,0144585315;;0,011210984;0,044261217;-0,012953331;0,020617489;0,088290095;-0,20909552;0,005036943;1,3689827;-0,007335169;0,0
267;9,1272;0,020019855;0,01836592;0,049100164;-0,027963882;0,0142808305;-0,018090798;0,6226925;0,12697549;0,55073947;-0,001692087;0,013886813;-0,032814715;0,010327164;0,045515265;-0,012106547;0,014010892;0,08113214;-0,21870446;0,0049592205;1,4081224;-0,023722481;0,0
268;9,1671;0,03802415;0,01851944;0,048146907;-0,027378947;0,051279627;;0,6227317;0,12707816;0,5504001;0,0006393345;0,012827038;-0,03468805;0,007996563;0,0441621;-0,013562855;0,09841304;0,08733087;-0,23456456;0,0046848273;1,4265956;-0,24195617;0,0
269;9,1971;0,018690739;0,041726466;0,032934647;-0,073085144;;-0,03769439;0,62278116;0,12715244;0,55011684;0,0041321176;0,012396931;-0,036241584;0,0059790774;0,04297044;-0,017864445;0,12679388;0,08500734;-0,23443711;0,0043538627;1,4438242;-0,2771442;0,0
270;9,2271;0,04093463;0,003118167;;;0,060525794;-0,039732683;0,62288153;0,12722738;0,549837;0,008828778;0,011896589;-0,037897166;0,00423882;0,044684526;-0,024303759;0,13753809;0,08601244;-0,23588298;0,004162329;1,4641203;-0,27467158;0,0
271;9,2571;0,035283677;0,022893716;;-0,03274431;0,048769437;-0,0394196;0,6230168;0,12732121;0,5495394;0,012583021;0,011648361;-0,038876496;0,0024839814;0,04377917;-0,02898072;0,15959667;0,0841561;-0,23528835;0,0083656795;1,4748946;-0,22708791;0,0
272;9,2872;0,044794608;0,020819325;0,031620022;-0,032593854;;-0,046661366;0,6231922;0,12736379;0,54920775;0,01630245;0,011681801;-0,039614655;0,0020470435;0,043754514;-0,029552652;0,17026347;0,09276594;-0,23403144;0,008300066;1,4734511;-0,2279901;0,0
273;9,3171;0,009359298;0,027472664;0,037991796;-0,045706365;0,006994114;-0,050483458;0,6233945;0,12742348;0,54891896;0,019528005;0,011591358;-0,040221386;0,00223053;0,044453762;;0,18263552;0,117398255;-0,23635991;0,008246971;1,5213027;-0,18787049;0,0
274;9,3471;0,03591114;;0,026518125;-0,034912147;0,046134394;-0,04476119;0,62355864;0,12750873;0,5486702;0,02245098;0,012724644;-0,04066538;0,0021021802;0,04491685;;0,16841474;0,11615762;-0,23514956;0,0038387738;1,5141916;-0,15146522;0,0
275;9,3771;0,023962399;0,037689228;0,042619266;-0,059754767;0,033376835;-0,046124026;0,6237459;0,12761144;0,5483738;;0,013575168;-0,040925596;0,00094302755;0,04475161;-0,031218236;0,17535186;0,13641381;-0,20018749;0,004038361;1,4368832;-0,08744639;0,0
276;9,4072;0,03318323;0,033474725;0,027753022;-0,052160457;;-0,04198198;0,62391984;0,1276884;0,54811865;0,025739007;0,015016683;-0,040135197;-0,00024976121;0,045645416;-0,028914932;0,19588593;0,14783487;-0,18876645;0,004150882;1,3739991;-0,060368188;0,0
277;9,4371;0,046640195;0,019380223;0,023111232;-0,02803313;;-0,040253423;0,6240792;0,12782443;0,5478814;0,027543306;0,016613264;-0,038722243;-0,00092453224;0,046471708;-0,0266641;0,2042783;0,16666056;-0,1625878;0,004475206;1,3076049;0,00025957203;0,0
278;9,4671;0,028500427;0,03088693;0,047662992;-0,05283311;0,03983899;-0,041231498;0,624297;0,12797539;0,54762447;0,02911409;0,018512612;-0,03625053;-0,0014089644;0,044187028;-0,024284488;0,19351359;0,18300195;-0,12418759;0,004672836;1,2956128;0,002976983;0,0
279;9,4971;0,07231216;-0,006405725;-0,029560408;0,045118745;0,13408455;-0,03745302;0,62453175;0,12813705;0,54737836;0,03061628;0,020999346;-0,033246316;-0,0014110764;0,045801;-0,01936138;0,18676853;0,19122913;-0,09635256;0,016091673;1,1791801;0,006799715;0,0
280;9,527;0,23009713;-0,09537636;-0,25540802;0,27125853;0,5820621;-0,039419383;0,6246369;0,12829643;0,54733664;0,027784722;0,021709902;-0,027962752;0,00086828443;0,029807163;-0,033819992;0,19695695;0,19632491;-0,09125678;0,022855952;1,1482558;0,007896792;0,0
281;9,5571;0,3920376;-0,15963677;-0,5405497;0,45947906;1,0;-0,045478903;0,62462527;0,12838686;0,5473683;0,020809982;0,019659288;-0,022370407;0,0059023234;0,00347163;-0,07920025;0,16583155;0,23193397;-0,05809871;0,009580712;1,044109;0,039823025;0,0
282;9,5971;;-0,18092951;-0,8717872;0,52032286;1,0;;0,624489;0,12846941;0,54743063;0,0054630763;0,0152122;-0,014957178;0,009024559;-0,037918866;-0,1718908;0,1236169;0,23941697;-0,011400028;0,009509117;0,72390646;0,16138762;0,0
283;9,6271;0,59327424;-0,18238385;-1,0;0,5259029;1,0;-0,043674853;0,6242769;0,12853421;0,54748064;-0,009250275;0,012457304;-0,008855196;0,009450889;-0,06472784;-0,24242972;0,11220031;0,2355211;0,0043119425;0,009392544;0,6723222;0,18531577;0,0
284;9,6671;0,44649458;-0,22528529;-0,98102313;0,65403485;1,0;-0,012714264;0,62392867;0,12867424;0,5475194;-0,025963966;0,011168337;-0,0018133511;0,010854839;-0,09286135;-0,2993944;0,05406965;0,21405856;0,06618274;0,009109003;0,4700059;0,2988599;0,0
285;9,7072;0,13991807;-0,28248662;-0,496368;0,84879273;0,4155534;0,027445108;0,6236189;0,12889998;0,54761237;-0,033161417;0,014542608;0,0073137274;0,0076947827;-0,12627152;-0,2749736;0,038146716;0,2156381;0,14374268;0,008776652;0,21759614;0,36067078;0,0
286;9,7372;-0,010860707;-0,18340531;-0,25097936;0,5795056;-0,057474785;0,03986912;0,6234864;0,1291471;0,5477577;-0,029777715;0,020893965;0,015981415;0,0042817253;-0,1429311;-0,19722506;0,013897462;0,21664879;0,16436121;0,008478467;0,014957662;0,40763286;0,0
287;9,7772;0,04322738;0,09852091;0,045442175;-0,1632;0,07870918;0,06716467;0,62349284;0,12938173;0,54780805;-0,019459736;0,026800688;0,018962871;0,0120604;-0,09232226;-0,11116003;0,013810286;0,20749655;0,17481682;0,008287259;0,010751069;0,3947913;0,0
288;9,8071;0,0055743777;0,021368565;;-0,008315712;0,010201148;0,07732511;0,62343;0,12957402;0,5479357;-0,013088028;0,028619599;0,020627959;0,018692242;;-0,07386785;0,010921794;0,21156237;0,18623558;0,008252756;0,009992004;0,41474172;0,0
289;9,8371;0,0210285;0,07819132;0,008922017;-0,13054807;;0,07728367;0,6234014;0,12976655;0,5480444;-0,009036105;0,030325513;0,02296112;0,023039915;-0,043081835;;0,009086249;0,21568002;0,19525519;0,008283084;0,0106592225;0,47132704;0,0
290;9,8671;0,036557004;0,03864586;0,00059661234;-0,052843466;0,06439656;0,07245803;0,62338;0,12996419;0,5481786;-0,0057672793;0,031486694;0,024386618;;-0,0242202;-0,022618672;0,0065043606;0,2148638;0,19198799;0,00837817;0,0127511285;0,48795313;0,0
291;9,9072;0,031175697;0,052276533;0,024364809;-0,08248561;0,050475284;0,06546138;0,6233634;0,1302444;0,54843974;-0,0031644942;0,032931466;0,026553925;0,029331896;-0,012286427;0,00030118623;0,0034821965;0,21083564;0,19041081;0,008637818;-0,038726173;0,48641706;0,0
292;9,9373;0,03662816;0,040583696;0,023104962;-0,058570333;0,05580164;0,046721444;0,6233446;0,13048127;0,54863405;-0,0017915645;0,03355204;0,027472084;0,030162133;-0,005669271;0,012175617;0,00969628;0,20001443;0,13056998;0,008965376;-0,0315199;0,48070857;0,0
293;9,9672;0,005751698;0,041126184;0,02151817;-0,06201228;;0,02069222;0,62334055;0,13070409;0,54881185;-0,00052168267;0,033461966;0,026306475;0,029139636;-0,0013491218;0,020375248;0,024422681;0,18781774;0,108569376;0,00018456139;-0,028619388;0,48252138;0,0
294;9,9972;0,027687255;0,02606763;0,012712793;-0,039572474;0,047760487;-0,007114434;0,623357;0,1309042;0,5489233;0,00093299645;0,03302229;0,024092313;0,023532737;0,0012878678;0,02720093;0,011931945;0,17814146;0,059677403;0,027209343;0,21461861;0,53752714;0,0
295;10,0272;0,028908819;0,022918211;0,016289342;-0,033825573;0,03830379;-0,034111634;0,6233604;0,13110699;0,549054;0,0017431716;0,031971272;;0,024061318;0,0060546095;0,03090326;0,017634027;0,1840506;0,04597871;0,031785134;0,25809646;0,5391698;0,0
296;10,0572;0,026650976;0,017736953;0,029292364;-0,025614785;0,03616359;-0,058493525;0,62337387;0,13132188;0,5491331;0,0022654736;0,031297974;0,016873207;0,027455127;0,011677736;;0,05825589;0,18464717;0,026967438;0,045231644;0,39052096;0,5555544;0,0
297;10,0871;0,040548958;0,009336388;0,05455134;-0,012115244;0,05544474;-0,08540001;0,62341094;0,13152792;0,5492011;0,0041477703;0,030965997;0,013442385;;0,017654084;0,03639544;0,07975317;0,1908091;0,013521519;0,056356855;0,4391972;0,55533975;0,0
298;10,1171;0,026487177;0,015001761;0,02426586;-0,023145447;0,035326228;-0,09422722;0,62346005;0,13171284;0,5493137;0,006810885;0,030653207;0,0104617495;0,03876969;0,022348102;0,036875084;0,13960165;0,18848324;-0,01086316;0,08071651;0,5911228;0,57370013;0,0
299;10,1471;0,026369914;0,009253783;0,04993976;-0,017090084;0,037978068;-0,08629792;0,62354976;0,13194707;0,5493558;0,010938853;0,030633036;0,0071837744;0,05167233;0,027688595;0,038783986;0,14994736;0,19459206;-0,017009242;0,09170382;0,636765;0,57669544;0,0
300;10,1771;0,026718307;;0,048217807;-0,021400172;0,032093097;;0,62368953;0,13216889;0,54937077;0,015296937;0,030649286;0,00451685;0,067343615;0,030524604;0,039725617;0,16084337;0,18053626;-0,05802583;0,10475488;0,73597986;0,56721777;0,0
301;10,2072;;;0,036754448;0,010951922;0,04317886;-0,08505839;0,6238622;0,13236056;0,549304;0,019034807;0,029998941;0,00040127008;0,085642956;0,03361515;0,040005166;0,16404411;0,1772497;-0,056410424;0,115761854;0,8147347;0,5653775;0,0
302;10,2371;0,034709442;0,0005657695;0,026558492;0,00018341812;0,050703842;-0,08346988;0,62405473;0,13254409;0,5492485;0,02170608;0,029586079;-0,0023882387;0,10187576;0,034794014;0,040676456;0,15629494;0,15930739;-0,054744903;0,11545622;0,97957945;0,5407502;0,0
303;10,2672;0,04606082;0,0017840688;0,037439954;-0,0067639626;0,0685704;-0,085395835;0,6242541;0,13274081;0,5491457;0,023443166;0,028483385;-0,004386493;0,115057535;0,03582407;0,040291503;0,15085725;0,15113737;-0,099679634;0,1153175;1,033717;0,5337365;0,0
304;10,3073;0,032009974;0,0024753367;0,043779086;-0,005611904;0,04450133;;0,6245042;0,1329588;0,54901654;0,024827734;0,026654715;-0,008323315;0,12717342;0,037297577;0,039380252;0,15408884;0,12505034;-0,13066863;0,10405926;1,129173;0,4555289;0,0
305;10,3471;0,025688108;-0,010244714;0,042457037;0,012649323;0,035089448;;0,62474465;0,13316578;0,54887295;0,0258718;0,02417378;-0,012782002;0,13062154;0,037407488;0,037908223;0,20088679;0,11422793;-0,17825574;0,090737306;1,2037371;0,3642638;0,0
306;10,3772;0,026662912;;0,07097329;0,01092543;0,038468048;-0,08719745;0,6249439;0,13329117;0,5487236;;0,02192561;-0,018383656;0,1261241;0,03842012;0,03582433;0,21847244;0,11112749;-0,18625814;0,079796374;1,2816641;0,31595019;0,0
307;10,4272;0,28111875;-0,014882917;-0,3392698;0,002376682;0,7490291;-0,09845338;0,6252078;0,13341112;0,5485699;0,027389726;0,01761461;-0,022855436;;0,035267595;0,0031740456;0,20641479;0,1178727;-0,169709;0,062274206;1,2965031;0,2843749;0,0
308;10,4672;0,52717733;-0,07301068;-0,8053754;0,142511;1,0;-0,103456676;0,6252286;0,13337283;0,5484211;0,015730431;0,009595446;-0,02501074;0,11047163;0,022655929;-0,08764996;0,15451133;0,15033437;-0,1396983;0,026954861;1,0832031;0,27361137;0,0
309;10,4972;0,5914892;-0,09176715;-1,0;0,19077654;1,0;-0,107311375;0,62506175;0,13332152;0,5483805;0,0005615815;0,004443833;-0,0248122;0,09385215;0,010846337;-0,16872858;0,058303535;0,19358122;-0,052333806;0,027232766;0,8687287;0,27743256;0,0
310;10,5271;0,58983076;-0,21148631;-1,0;0,521814;1,0;-0,09888505;0,6247543;0,13333595;0,5483568;-0,017819302;0,0021461686;;0,076607995;-0,010262826;-0,23942694;0,038322676;0,19338506;-0,03047115;0,0273124;0,8051211;0,2836337;0,0
311;10,5571;0,46670803;-0,32416162;-0,96684825;0,85929596;1,0;-0,088703796;0,624373;0,13341083;0,5484146;-0,0335543;0,0023060872;-0,0123782875;0,060158994;-0,051896144;-0,2810257;0,031873696;0,19944298;-0,03176617;0,027406033;0,7826713;0,31045222;0,0
312;10,5873;0,32545432;-0,42640096;-0,73229694;1,0;0,9360252;-0,07726717;0,6240622;0,13355316;0,5485043;-0,040740516;0,005249202;-0,003320794;0,0430544;-0,10625284;-0,2767542;0,0392857;0,19769393;-0,016358355;0,027382625;0,7984962;0,33055523;0,0
313;10,6273;-0,021707479;-0,16087687;-0,23368184;;-0,09342393;-0,07319497;0,6239028;0,13386646;0,5485229;-0,036323648;0,014798818;0,0059516868;0,022222405;-0,15605463;-0,18694901;0,049585216;0,22036281;0,045526214;0,027217578;0,5987867;0,3691355;0,0
314;10,6672;0,06896347;0,025844613;0,029954016;-0,031396907;;;0,62388897;0,13410641;0,54838943;-0,023266295;0,023169765;;0,019217966;-0,10223052;-0,10380584;0,070131116;0,22221385;0,054730184;0,02693404;0,5026796;0,36523685;0,0
315;10,7071;0,043052934;-0,0116635645;0,053452503;0,027759401;0,072665505;-0,0792471;0,623913;0,13431846;0,54838395;-0,011029304;;0,006600941;0,020000879;-0,052075624;-0,06068067;0,08603572;0,21818577;0,065407984;0,026601985;0,43818483;0,3759897;0,0
316;10,7371;0,013665466;0,014180966;0,031772077;-0,014679321;0,025948668;-0,07777369;0,6239186;0,13450958;0,5484734;-0,0038181012;0,029439626;0,007828561;0,019753661;-0,029998919;-0,037341617;0,057988625;0,22207062;0,06929284;0,026303526;0,40710896;0,39231074;0,0
317;10,7773;0,019300226;;0,031694077;-0,0139334025;0,028133765;-0,078662276;0,623972;0,13481522;0,54850215;0,0022419791;0,0314399;0,008880313;0,019824665;-0,007952433;-0,015963856;0,043367337;0,22632435;0,05638971;0,026112504;0,43558618;0,41521522;0,0
318;10,8172;0,017217938;0,014108092;0,03983248;-0,015570839;0,026042383;;0,62403524;0,13513447;0,5485513;0,0051459656;0,033059515;;0,019566033;0,0056232796;-0,00036069725;0,022908084;0,25022516;0,07783954;0,026076281;0,43478933;0,44024822;0,0
319;10,8473;0,018899886;;0,030526027;-0,021625424;0,031981934;-0,07957178;0,6240842;0,13539447;0,54856926;;0,03528963;0,0098736165;;0,014779727;0,011650259;0,017051436;0,25000638;0,077620745;0,026108455;0,4273272;0,4406906;0,0
320;10,8872;0,046810053;0,023062972;0,052516215;-0,041562892;0,07319564;-0,078651436;0,62410516;0,13570885;0,54867643;0,0059631467;0,037283182;0,010929072;;0,02120603;0,020098906;0,014179991;0,2569874;0,06989589;0,026294637;0,46410295;0,44835684;0,0
321;10,9172;0,0029735966;-0,020722123;0,031626202;0,050546225;0,005346561;-0,076383054;0,6241193;0,13596447;0,54879355;0,005697414;0,0385633;0,010965955;0,019459195;0,026630566;0,024591785;0,028291361;0,26446927;0,070024826;0,0043090493;0,5523154;0,488171;0,0
322;10,9472;0,03133603;0,0039989906;0,048882294;-0,006967568;0,048574466;-0,07641308;0,6241476;0,13623565;0,54888403;0,0058163647;0,03985004;0,011539415;0,012778275;0,026898794;0,028831493;0,04096434;0,26812485;0,05897452;0,02233447;0,6220773;0,51645356;0,0
323;10,9771;0,03326132;-0,0036185447;0,03529667;0,009488741;0,052676324;-0,07741284;0,6242229;0,13650724;0,5489138;0,0067627872;0,04090818;0,010919536;0,011166208;0,0320258;0,032163788;0,06662126;0,28348202;0,057174828;0,027105508;0,6698506;0,54631186;0,0
324;11,0071;0,029694285;0,008805629;0,050198354;-0,008726285;0,04529801;-0,07803013;0,62424225;0,13680533;0,54904646;0,008239866;0,042090815;0,010689025;0,013063373;0,032962985;0,03406025;0,06976939;0,28509542;0,061239216;0,027209453;0,6721374;0,54774106;0,0
325;11,0371;0,02444474;0,00024644146;0,038778402;0,0071330573;0,035874244;-0,077221334;0,6243131;0,13709374;0,54911757;0,009718168;0,043321677;0,01035593;0,015377232;0,035308678;0,03592662;0,09096728;0,2696014;0,048196163;0,04520474;0,74123627;0,5500782;0,0
326;11,0771;0,042383477;0,005956002;0,029317165;-0,00981531;0,06688623;-0,075158216;0,62444276;0,13745451;0,5491847;0,011852378;0,043531034;0,009761064;0,024632309;0,035738528;;0,099961355;0,2307553;0,05346771;0,051900446;0,7823327;0,5042766;0,0
327;11,1073;0,015613556;0,0021683932;0,056982655;0,0025407772;0,02532748;-0,078443855;0,62455666;0,13773762;0,54921556;0,013432574;0,042493552;0,009458167;0,032792643;0,036249697;0,03784861;0,090853676;0,19857706;0,048250258;0,04514367;0,76440257;0,45732677;0,0
328;11,1473;0,03461181;-0,0010229311;0,028659057;0,0047153505;0,05632972;-0,07454094;0,62470365;0,13805863;0,54929847;0,015027259;0,03967531;0,009142644;0,039252684;0,036723904;;0,088608645;0,15833919;0,022718275;0,06273722;0,7756437;0,428609;0,0
329;11,1771;0,014227552;;0,03760273;-0,010605683;0,019038245;-0,07682923;0,6248193;0,1382947;0,5493141;0,015352003;0,036218006;0,007940269;0,046471767;0,036985826;;0,094067626;0,14544114;0,017173177;0,07578853;0,744145;0,3987099;0,0
330;11,2072;0,038078375;0,009289174;0,03833205;-0,01186411;0,060152464;;0,62493396;0,13848597;0,5493246;0,015946425;0,03289689;0,006490917;;0,03758111;0,036113173;0,10721158;0,14382619;0,01800919;0,075654656;0,71669006;0,37133816;0,0
331;11,2471;0,034422662;0,007426462;0,02859124;-0,005422705;0,05193622;-0,07734248;0,62509847;0,13875471;0,54934514;0,017072031;0,02924881;0,004853418;0,06991109;0,039617524;0,033174675;0,1280455;0,12745762;0,050660234;0,06197994;0,6527743;0,3313908;0,0
332;11,2871;0,039623562;-0,011996685;0,05173891;0,021611465;0,05869577;-0,07684688;0,62525594;0,13898467;0,54944813;0,01903497;0,026015403;0,005565644;0,072317496;0,039536588;0,029705506;0,14903653;0,12708783;0,05029045;0,0684602;0,61560166;0,34390137;0,0
333;11,3171;0,028587392;-0,0011530715;;0,0041384827;;;0,6253933;0,13916075;0,5495191;0,020872653;0,02423733;0,0063569658;0,07417515;0,03886258;0,028301463;0,15809976;0,13456869;0,047967386;0,07509196;0,6798009;0,36870727;0,0
334;11,3471;0,038637463;0,001863699;0,022403935;-0,0038094912;0,06408036;-0,07759363;0,6255729;0,13931257;0,54956216;0,022781217;0,022975542;0,0068644704;0,078215905;0,038573537;0,02669829;0,15204383;0,13577548;0,051625144;0,07959656;0,6890328;0,37958342;0,0
335;11,3771;0,19461635;0,038427494;-0,18857138;-0,105707675;0,491776;-0,09079295;0,6257125;0,13943312;0,5496173;0,022380283;0,021342581;0,0070934957;0,083881296;0,038915053;0,0144285755;0,1393517;0,12662199;0,057177555;0,07979663;0,6934343;0,39254674;0,0
336;11,4171;0,3064166;0,03757342;-0,49179715;-0,12712777;0,8224783;-0,09469272;0,6257422;0,13949029;0,5497493;0,0146794785;0,016052129;0,006362227;0,0928703;0,045936633;-0,039149594;0,1285489;0,13703;0,060232624;0,0800997;0,70010203;0,42224514;0,0
337;11,4471;0,27892092;0,010245555;-0,6174555;-0,05172486;0,76198816;-0,09525936;0,625674;0,13955459;0,54985714;0,006302261;0,01331548;0,00625667;0,097656734;0,04625027;-0,07591347;0,12584876;0,13479744;0,06290202;0,08691784;0,719382;0,43940133;0,0
338;11,4772;0,27630982;0,015259119;-0,6645596;;0,7356994;-0,09319238;0,62554944;0,13968444;0,5500013;-0,0015648804;0,012288403;0,006208895;0,10259203;0,045410894;-0,09768812;0,10306988;0,13025159;0,08776793;0,08723841;0,6529051;0,44380915;0,0
339;11,5071;;0,04247837;-0,64913577;-0,14165962;0,7189602;-0,09646594;0,62540597;0,13976824;0,55012494;-0,008488113;0,011570947;0,006572244;0,10770532;0,048846792;-0,111915626;0,10182899;0,13730067;0,09236604;0,08070872;0,6154612;0,4306191;0,0
340;11,5371;0,22538757;-0,02341586;-0,58719146;0,0271489;0,6057382;-0,08863641;0,6253003;0,139866;0,5501678;-0,013022194;0,011460911;0,0076995944;0,108982295;0,049227208;-0,118661396;0,119971104;0,12157129;0,06683273;0,08754859;0,60253954;0,43275553;0,0
341;11,5671;0,19479573;-0,15282583;-0,41764364;0,3742423;;-0,083409;0,6251902;0,13996895;0,550264;-0,014459911;0,011472171;0,009830964;0,10828995;0,03214819;-0,1160868;0,1298967;0,11427901;0,066893384;0,09425096;0,64378256;0,43300134;0,0
342;11,5971;0,10870405;;-0,23896322;0,6071449;0,26899812;-0,07634641;0,6251758;0,14007328;0,55033034;-0,012154464;0,011557742;0,013597464;0,10675466;-0,0011465758;-0,102473795;0,11216636;0,13401996;0,11114413;0,09417914;0,54416317;0,40648273;0,0
343;11,6271;0,055357844;-0,18907544;-0,13148496;0,5343917;0,10588069;-0,07781035;0,6252162;0,14018072;0,55042964;-0,0080032945;0,013578258;0,019379001;0,10346277;-0,03798965;-0,07463959;0,09584048;0,13748038;0,11705555;0,08069353;0,5089177;0,40487912;0,0
344;11,6571;0,024899209;-0,13355902;-0,08870398;0,38552237;0,01694109;-0,0739947;0,6252699;0,14031212;0,55052286;-0,0037264947;0,01616582;0,022968361;0,098460294;-0,052073058;-0,045051668;0,09481345;0,11358098;0,0858032;0,10937475;0,5761791;0,39074916;0,0
345;11,6872;0,011159041;-0,046023767;;0,147436;-0,018303106;-0,076383166;0,62530625;0,14045085;0,55063415;-0,00029491953;0,017294753;0,023404552;0,10289128;-0,052068625;-0,022061855;0,092034176;0,10993154;0,08215377;0,115928866;0,58148086;0,37874418;0,0
346;11,7273;0,02994818;0,060538553;-0,030744812;-0,15835786;0,046291176;-0,0875172;0,62542826;0,1406023;0,55067474;0,004083715;0,017916733;0,019243805;;-0,01643084;-0,0010787129;0,071961984;0,1247694;0,09454064;0,122284606;0,56607836;0,36911762;0,0
347;11,7672;;0,004611143;0,027178627;-0,010568025;0,02399386;-0,08461763;0,62549764;0,14071359;0,5508299;0,0070576845;0,018047273;;0,13376394;0,0119825145;0,0054157074;0,07942498;0,1357231;0,09814141;0,11533717;0,519444;0,37060836;0,0
348;11,7971;0,055723112;-0,004523318;;0,009690606;0,09404418;-0,08408067;0,62557125;0,14081293;0,55096906;0,009259767;0,018671488;0,01659138;0,13874766;0,018194037;0,010579626;0,0910253;0,1723528;0,12006523;0,10406371;0,49201605;0,3892094;0,0
349;11,8271;0,043151848;-0,007914755;0,058148146;0,01643874;0,06472392;-0,085113026;0,62562734;0,14094788;0,5511563;0,011390324;0,020269116;0,017342778;0,13847493;0,022785647;0,013622209;0,09802681;0,17624694;0,123959355;0,08623677;0,4511304;0,3942931;0,0
350;11,8571;0,038904004;0,020454593;0,025155764;;0,07292855;-0,08477992;0,6257468;0,14108185;0,5512699;0,013332815;0,022261906;0,018497191;0,13160923;0,024672627;0,01753684;0,0996443;0,18544583;0,12825629;0,07967993;0,43759888;0,39604834;0,0
351;11,8871;0,023101646;-0,01188864;0,029660547;0,020396803;0,050238717;-0,08694819;0,6258341;0,14122789;0,5514325;0,014539665;0,023802767;0,019028494;0,12335791;0,029115176;0,017113851;0,09202255;0,18663613;0,13925052;0,07308634;0,39874917;0,3972983;0,0
352;11,9272;0,036635634;-0,019055225;0,009536346;0,03589305;0,07711351;-0,08755078;0,62593734;0,14147075;0,5516823;0,015365374;0,02571265;0,0205681;0,11204853;0,028739553;0,019006219;0,06973353;0,1816049;0,1317683;0,08006686;0,37258205;0,40136868;0,0
353;11,9672;0,03523884;;0,020253405;-0,12807661;0,074022375;-0,08417436;0,62604666;0,14172222;0,55190086;0,015210585;0,026999427;0,021543756;0,10504874;0,028060248;0,021739082;0,066854745;0,16329224;0,084043875;0,098224655;0,4207463;0,4059403;0,0
354;11,9971;0,099824026;0,15256149;-0,037508782;-0,40830377;0,25301042;-0,08467465;0,62613916;0,14189534;0,55196255;;0,026522458;0,018162085;0,11114465;;0,017531816;0,06257872;0,15117522;0,07192685;0,10965179;0,47606483;0,4047709;0,0
355;12,0371;0,06823626;;0,009021821;-0,5840109;0,20051366;-0,08431808;0,62628174;0,14211409;0,55195343;0,013670035;0,025020787;0,010946451;0,1273164;0,08861118;0,0070712636;0,06591673;0,16667347;0,094778046;0,098680824;0,45529184;0,43263745;0,0
356;12,0771;0,098624036;0,2526384;-0,023946973;-0,70672387;0,31189555;;0,6264;0,14230764;0,55198544;0,013984073;0,023997677;0,0054598344;;;-0,0006403292;0,10429881;0,1565017;0,07970431;0,09869185;0,50455403;0,4327891;0,0
357;12,1071;0,18901779;0,26267117;-0,1741564;-0,73968685;0,5969845;-0,0828996;0,6264736;0,14242291;0,5520294;;0,022211479;;0,14542711;0,15173568;-0,020479592;0,1297474;0,15436776;0,057962537;0,109760314;0,5601517;0,43690038;0,0
358;12,137;0,28119522;0,20818207;-0,29177266;-0,6161588;0,87062705;;0,62651134;0,1425182;0,5520527;0,011636712;0,019036401;-0,0010152424;0,15428615;0,16944046;-0,05721399;0,17119741;0,12597804;0,014866922;0,1340383;0,60407144;0,43371296;0,0
359;12,1671;0,27124184;0,09212374;-0,38884515;-0,29642656;0,8704551;-0,076414585;0,6265417;0,14259875;0,55204755;0,009457805;0,015093222;-0,0038068185;0,16725363;0,16819437;-0,0950727;0,18425664;0,11366494;0,00010284634;0,14505832;0,63409346;0,43205187;0,0
360;12,1971;0,19452287;-0,08191489;-0,3908113;0,1905735;;-0,08491533;0,62653464;0,14269532;0,5520726;;0,012596258;-0,0037289932;0,17744096;;-0,11328687;0,19995044;0,09882591;-0,024540102;0,13804276;0,61047024;0,40196872;0,0
361;12,2371;;-0,18047144;-0,32256678;0,4919941;0,4228317;-0,08578541;0,6265751;0,14284779;0,55214417;0,006381449;0,011358259;0,00035920323;0,17676398;0,06450805;-0,10905716;0,19873233;0,024502942;-0,057196405;0,15110624;0,60374904;0,3569183;0,0
362;12,2671;0,09431844;-0,070320405;-0,010778515;;0,3222953;-0,079842225;0,62670726;0,14289147;0,55205184;0,007970831;0,007993464;0,00073643844;0,17950596;0,02834377;-0,10249365;0,20148678;0,023681978;-0,05801737;0,1621086;0,6333827;0,2426779;0,0
363;12,3072;0,01997799;-0,063191764;0,017653726;0,14497468;0,03833897;-0,08413941;0,6269189;0,14289264;0,5520494;0,016564753;0,004788144;-0,00059464783;0,18910371;0,0074309716;-0,07414297;0,23252954;-0,009765064;-0,15028794;0,16644777;0,6471451;0,108305566;0,0
364;12,3471;-0,0077733262;-0,1239197;0,0024319945;0,33300993;-0,07754638;;0,62717324;0,14288972;0,5520357;0,023237541;;-0,0055018323;0,19696325;-0,0068292487;-0,03912071;0,2532015;-0,054898463;-0,2003233;0,15312609;0,599166;0,03236274;0,0
365;12,3872;-0,0003217448;-0,18651125;-0,028583858;0,5108213;;-0,07798634;0,6274476;0,14280044;0,5519398;0,02859888;-0,0010157528;-0,011637364;0,19644654;-0,02160683;-0,02071424;0,26261666;-0,09966296;-0,25244075;0,16669512;0,6035672;-0,13339141;0,0
366;12,4272;0,017528262;-0,2607403;-0,061427366;0,71224755;-0,032552116;-0,07051527;0,62773395;0,14269419;0,55182564;0,031182948;-0,005786644;-0,015367641;0,19435912;-0,05612903;-0,01226819;0,2946614;-0,14193355;-0,27020153;0,21824627;0,6020716;-0,3130435;0,0
367;12,4572;0,029078528;-0,30063134;-0,08306294;0,833495;0,008505023;-0,06816942;0,62794054;0,14258236;0,55172825;0,03311808;-0,010903824;-0,01802782;0,20882677;-0,083866164;-0,014912054;0,28357702;-0,1584851;-0,27694917;0,24308729;0,5930184;-0,35955143;0,0
368;12,4971;0,058754005;-0,3448793;-0,09860514;0,9658425;0,05829645;-0,0676557;0,6282195;0,14240895;0,5515756;0,034042552;-0,017595077;-0,0198702;0,23841675;-0,12217772;-0,025229178;0,2396501;-0,1593535;-0,26801363;0,26119027;0,5909569;-0,36594602;0,0
369;12,5371;0,0066078394;-0,39649528;-0,13420981;1,0;-0,07368544;-0,06304369;0,6284455;0,14227907;0,55146974;0,031985406;-0,022301251;;0,26564863;-0,16154076;-0,0327245;0,21826014;-0,16813831;-0,25719061;0,30813685;0,5698603;-0,4046625;0,0
370;12,5772;-0,10176619;-0,3886837;-0,16457747;1,0;-0,38265368;-0,059922297;0,6286396;0,14219294;0,551394;0,02891798;-0,023669938;-0,017697375;0,29606876;-0,19724116;-0,019878875;0,21575959;-0,16994388;-0,2320354;0,33264092;0,6269236;-0,42005998;0,0
371;12,6171;-0,18196374;-0,34110746;;0,97116643;-0,6754651;-0,06189509;0,6288224;0,14214578;0,55126244;;-0,021614999;-0,016864354;0,33350396;-0,21151514;0,017774269;0,22771354;-0,16443934;-0,21672691;0,36144185;0,6396295;-0,41722506;0,0
372;12,6571;-0,28575522;;-0,24712119;0,7865228;-0,97955614;-0,061821543;0,62903804;0,14213522;0,55107874;0,02481371;-0,017317396;-0,016593125;0,371953;-0,2062393;0,07181562;0,264609;-0,16504504;-0,19772477;0,37898344;0,66606694;-0,42112648;0,0
373;12,6973;-0,33490422;-0,185277;-0,21546149;0,5568596;-1,0;-0,06830707;0,62926817;0,14212877;0,5508792;0,025074478;-0,0122336475;-0,017267963;0,41035712;-0,18684922;0,12776864;0,29520947;-0,16663216;-0,18215503;0,38533553;0,7241135;-0,4154846;0,0
374;12,7372;-0,3401273;-0,14522304;-0,25087076;0,4512172;-1,0;-0,067233376;0,6295303;0,14211956;0,5506974;0,028168004;-0,0080731455;-0,01879978;0,44346827;-0,1535796;0,1752061;0,29326627;-0,16764595;-0,1733649;0,39840648;0,7420665;-0,41958264;0,0
375;12,7772;-0,31609064;-0,16711734;-0,25683352;0,5082246;-1,0;-0,064698204;0,62984985;0,14197849;0,5505123;0,030853972;-0,005222361;-0,01950304;0,47109583;-0,12842578;0,2072218;0,2851596;-0,16338983;-0,124991134;0,39821568;0,7378691;-0,40688738;0,0
376;12,8171;-0,10587071;-0,24631529;-0,1828654;0,69730705;-0,5090449;-0,07396514;0,63013023;0,1418753;0,5503905;0,03213549;-0,006182783;-0,0169722;0,49182597;-0,12233054;0,20247032;0,27123803;-0,15173836;-0,10108477;0,39817977;0,76158893;-0,38185006;0,0
377;12,8572;0,056643803;-0,31553236;-0,13464451;0,9094969;-0,028747758;-0,08053653;0,63040245;0,14164063;0,5503985;0,0318626;-0,011757523;-0,010661078;0,5049037;-0,13812284;0,14711866;0,25819835;-0,14867999;-0,100477375;0,41167647;0,7889081;-0,36988178;0,0
378;12,8872;;-0,34796795;;1,0;0,21395016;-0,082948476;0,63060063;0,14139073;0,55043566;0,031274844;-0,017477402;-0,0057626553;0,5148192;-0,15942746;0,08979725;0,25765565;-0,1474175;-0,062450185;0,4162238;0,8072502;-0,36863038;0,0
379;12,9171;0,14414023;-0,35517332;;;;-0,08577799;0,6308183;0,14114493;0,55047786;0,03077136;-0,02262583;-0,0005145834;0,52498573;-0,1795271;0,036148783;0,271797;-0,13747917;-0,02555106;0,40537927;0,7565788;-0,31349444;0,0
380;12,9572;0,07099544;-0,2959885;-0,053573173;0,86410666;0,099443704;-0,08921525;0,6311199;0,14087114;0,5505428;0,031553507;-0,026765427;0,0058761975;0,5318648;-0,19037324;-0,010697737;0,28609535;-0,10936796;0,02706995;0,3834298;0,76388687;-0,2578648;0,0
381;12,9872;0,039808836;-0,24040703;-0,05350831;0,7339006;0,008428798;-0,09324578;0,6313661;0,14075398;0,5505767;0,033522043;-0,026778562;0,010479653;0,5285593;-0,18792117;-0,023033854;0,2986591;-0,11357205;0,0424737;0,423719;0,80874586;-0,255359;0,0
382;13,0172;-0,11224606;-0,14731517;-0,10181977;0,4731989;-0,38449672;-0,099064715;0,63160974;0,14065272;0,5507012;0,03578801;-0,024868775;0,013768362;;-0,17508666;-0,016892502;0,30750453;-0,08355571;0,05533317;0,41948622;0,7728147;-0,23696631;0,0
383;13,0572;-0,26892263;-0,03490978;-0,18502188;0,1412099;;;0,6319948;0,14067489;0,5507147;0,038423866;-0,0163817;0,014337441;0,547997;-0,13234459;;0,29788855;-0,049851213;0,059625912;0,21680026;0,6274487;-0,09293445;0,0
384;13,0871;-0,31543285;-0,014247443;-0,17496312;0,06869398;-1,0;-0,084236205;0,6322509;0,14077;0,5507376;0,039310355;-0,00810403;0,0135260625;0,4985034;-0,09590546;0,094031;0,2927432;-0,041308578;0,03385482;0,13879874;0,5535724;-0,042089146;0,0
385;13,1171;-0,2718853;0,011206331;-0,16106218;-0,0076713143;-0,96017975;-0,08387514;0,6325378;0,14087549;0,55075294;0,039990086;-0,00086217833;0,011655208;0,41667762;-0,0634775;0,14224716;0,27212605;-0,034087226;0,02882127;0,056206122;0,48490068;-0,008415829;0,0
386;13,1471;-0,17819953;0,021245642;-0,12732199;-0,018168272;-0,7073113;-0,106557034;0,63278455;0,14098147;0,5507727;0,040015217;0,0032895536;0,009636724;0,32483009;-0,037433445;0,16572785;0,26180777;-0,035294;0,022712536;0,020401835;0,39982077;-0,010528673;0,0
387;13,1771;-0,07794864;-0,0049397578;-0,07537793;0,036738075;-0,40771788;-0,10990141;0,63295615;0,1409876;0,5507861;0,039793614;0,0041075395;0,007980575;0,23824422;;0,16345568;0,27546766;-0,033489466;-0,0416594;-0,0623583;0,3274638;-0,014902119;0,0
388;13,2171;0,0492649;-0,07354583;0,011130622;0,19651091;-0,009501979;-0,10135574;0,6334022;0,14088343;0,55086625;0,04035044;0,0012784405;0,0054323003;0,13081835;-0,011504903;0,12690951;0,31245872;-0,0365417;-0,07167242;-0,1228442;0,36932313;0,036791015;0,0
389;13,2571;0,10338012;-0,1021687;0,031238237;0,28009817;0,21701956;-0,10089174;0,6338119;0,14077275;0,550892;0,043259077;-0,00432168;;0,018343467;-0,016385946;;0,34265047;-0,038384255;-0,078416936;-0,16320363;0,36376867;0,084381565;0,0
390;13,2871;0,24855176;-0,14186104;0,0056766216;0,37702277;0,6119749;-0,10668011;0,6341452;0,14060403;0,5508898;0,045106377;-0,009015601;0,00092310325;-0,05680035;-0,027793083;0,020288177;0,3532969;-0,039572205;-0,08205587;-0,1810944;0,3541586;0,0988001;0,0
391;13,3171;0,27217045;;;0,32541522;0,7358948;-0,11203086;0,63447297;0,14041013;0,55090696;0,04653011;-0,014367742;-0,00033806986;-0,120008744;-0,035216235;-0,033421684;0,3590624;-0,036990672;-0,07702335;-0,21679747;0,36934447;0,13382232;0,0
392;13,3471;0,2404828;-0,08863816;-0,06695902;0,25194213;0,66803986;-0,060252927;0,6348042;0,14020354;0,550889;0,047281314;-0,018102117;-0,0018023319;-0,1770586;-0,03538374;-0,07482513;0,3611591;-0,02597794;-0,06355964;-0,23457433;0,41126028;0,13448864;0,0
393;13,3771;0,11472614;-0,018331327;-0,06423245;0,10180656;0,3240195;;0,63513577;0,14007834;0,5508608;0,04792025;-0,01886484;;;-0,028969213;-0,09178363;0,35337868;-0,013078051;-0,067816615;-0,25888395;0,4320037;0,1525595;0,0
394;13,4172;-0,0049656453;-0,0034951426;-0,020906318;0,06548677;-0,057817645;0,12320793;0,6356003;0,14003326;0,55076927;0,04960617;-0,015393501;-0,0052214433;-0,26342508;-0,018110348;-0,070608616;0,3491263;-0,0026736509;-0,059863195;-0,263037;0,45501634;0,15162379;0,0
395;13,4472;-0,059569918;0,06003111;-0,04306314;-0,09067382;-0,25908175;0,12943052;0,6359753;0,14005345;0,55069065;0,050998427;-0,010925979;-0,0066761184;-0,28903237;-0,0075791823;;0,34970713;-0,002457903;-0,057196464;-0,26958776;0,46612835;0,15346257;0,0
396;13,4771;-0,101751864;;-0,061414354;-0,12644728;-0,39443347;0,1252692;0,6363045;0,14010833;0,5506405;0,05195426;-0,005921249;-0,00843977;-0,3103075;0,007858388;0,004082954;0,36774433;-0,0069964007;-0,056833003;-0,2804092;0,49766478;0,15785421;0,0
397;13,5071;-0,09768594;0,045758665;-0,046278447;-0,06703736;-0,37341323;0,12293299;0,6366538;0,14016363;0,5505746;0,05308009;-0,0021833864;-0,00968985;-0,3298707;0,019643076;0,03728634;0,3927133;-0,004864787;-0,06450531;-0,28025347;0,5010901;0,15999503;0,0
398;13,5372;-0,03169686;0,04530944;-0,020299826;-0,053667415;-0,1677638;;0,637044;0,14018913;0,5504657;0,055063605;-0,00012090874;-0,0103649385;-0,3454548;0,025349641;0,055457715;0,3927133;-0,004864787;-0,06450531;-0,28025347;0,5010901;0,15999503;1,0
